Fecha,1078,1108,1177,1231,1232,1253,1254,1255,1333,1334,1337,1340,1345,1356,1406,1408,1409,1847
04-06-2025 00:00,98.76,81.31,84.62,101.27,33.5,76.81,40.49,12.23,98.37,74.74,71.48,78.49,86.55,94.02,89.73,91.55,91.25,98.13
04-06-2025 00:05,98.76,81.31,84.62,101.23,33.43,76.78,40.51,12.36,98.38,74.73,71.85,78.75,86.55,94.01,89.73,91.55,91.12,98.13
04-06-2025 00:10,98.76,81.31,84.62,101.26,33.34,76.78,40.5,12.38,98.4,74.73,72.03,78.92,86.55,93.99,89.73,91.55,91.53,98.13
04-06-2025 00:15,98.76,81.31,84.62,101.29,33.24,76.73,40.44,12.38,98.41,74.73,72.58,79.2,86.55,93.98,89.73,91.45,91.25,98.13
04-06-2025 00:20,98.76,81.31,84.62,101.16,33.14,76.73,40.4,12.38,98.42,74.73,72.73,79.39,86.55,93.97,89.74,91.39,91.32,98.13
04-06-2025 00:25,98.76,81.31,84.62,101.34,33.05,76.73,40.39,12.5,98.43,74.73,72.96,79.68,86.55,93.96,89.74,91.42,91.12,98.13
04-06-2025 00:30,98.76,81.31,84.62,101.3,32.95,76.68,40.36,12.53,98.44,74.73,73.37,79.79,86.55,93.94,89.74,91.42,91.18,98.13
04-06-2025 00:35,98.76,81.31,84.62,101.25,32.86,76.65,40.35,12.53,98.45,74.73,73.57,79.93,86.55,93.93,89.75,91.39,91.12,98.13
04-06-2025 00:40,98.76,81.31,84.62,101.36,32.79,76.71,40.32,12.53,98.46,74.73,73.87,80.22,86.55,93.91,89.75,91.42,91.18,98.13
04-06-2025 00:45,98.76,81.31,84.62,101.31,32.69,76.63,40.36,12.53,98.47,74.73,74.07,80.38,86.55,93.9,89.75,91.45,91.25,98.13
04-06-2025 00:50,98.76,81.31,84.62,101.34,32.59,76.61,40.36,12.53,98.48,74.73,74.3,80.61,86.55,93.88,89.75,91.49,91.46,98.13
04-06-2025 00:55,98.76,81.31,84.62,101.3,32.49,76.65,40.4,12.53,98.49,74.73,74.57,80.78,86.55,93.87,89.76,91.49,91.67,98.13
04-06-2025 01:00,98.76,81.31,84.62,101.25,32.4,76.68,40.38,12.53,98.5,74.73,74.81,80.87,86.55,93.86,89.76,91.45,91.67,98.13
04-06-2025 01:05,98.76,81.31,84.62,101.35,32.31,76.66,40.35,12.53,98.5,74.73,75.0,81.04,86.55,93.85,89.76,91.42,91.67,98.13
04-06-2025 01:10,98.76,81.31,84.62,101.32,32.24,76.63,40.42,12.53,98.5,74.73,75.0,81.29,86.55,93.83,89.76,91.39,91.74,98.13
04-06-2025 01:15,98.76,81.31,84.62,101.27,32.14,76.61,40.37,12.53,98.5,74.73,75.51,81.56,86.55,93.82,89.76,91.35,91.81,98.13
04-06-2025 01:20,98.76,81.31,84.62,101.3,32.04,76.65,40.41,12.53,98.5,74.73,75.8,81.78,86.55,93.8,89.76,91.35,91.74,98.13
04-06-2025 01:25,98.76,81.31,84.62,101.25,31.95,76.56,40.4,12.53,98.5,74.73,76.11,81.98,86.55,93.79,89.76,91.39,91.6,98.13
04-06-2025 01:30,98.76,81.31,84.62,101.28,31.85,76.57,40.4,12.53,98.5,74.73,76.26,82.13,86.55,93.77,89.76,91.39,91.46,98.13
04-06-2025 01:35,98.76,81.31,84.62,101.3,31.76,76.49,40.39,12.53,98.5,74.73,76.66,82.33,86.55,93.76,89.76,91.39,91.46,98.13
04-06-2025 01:40,98.76,81.31,84.62,101.26,31.66,76.48,40.39,12.53,98.5,74.73,76.88,82.55,86.55,93.75,89.76,91.42,91.6,98.13
04-06-2025 01:45,98.76,81.31,84.62,101.3,31.59,76.46,40.38,12.53,98.5,74.73,77.0,82.72,86.55,93.74,89.76,91.42,91.6,98.13
04-06-2025 01:50,98.76,81.31,84.62,101.26,31.5,76.53,40.36,12.53,98.5,74.73,77.28,82.92,86.55,93.72,89.76,91.45,91.67,98.13
04-06-2025 01:55,98.76,81.31,84.62,101.28,31.4,76.42,40.35,12.52,98.5,74.73,77.51,83.13,86.55,93.71,89.76,91.42,91.81,98.13
04-06-2025 02:00,98.76,81.31,84.62,101.31,31.3,76.47,40.33,12.52,98.5,74.72,77.58,83.24,86.55,93.69,89.76,91.39,91.88,98.13
04-06-2025 02:05,98.76,81.31,84.62,101.26,31.21,76.36,40.31,12.52,98.5,74.72,77.58,83.5,86.55,93.69,89.76,91.39,91.94,98.13
04-06-2025 02:10,98.76,81.31,84.62,101.29,31.11,76.48,40.29,12.48,98.51,74.68,77.76,83.5,86.55,93.68,89.76,91.39,91.94,98.13
04-06-2025 02:15,98.76,81.31,84.62,101.25,31.02,76.41,40.28,12.42,98.51,74.65,78.21,83.78,86.55,93.67,89.76,91.35,91.94,98.13
04-06-2025 02:20,98.76,81.31,84.62,101.22,30.95,76.49,40.28,12.38,98.51,74.52,78.33,83.95,86.55,93.66,89.76,91.35,91.94,98.13
04-06-2025 02:25,98.76,81.31,84.62,101.24,30.85,76.45,40.28,12.38,98.51,74.45,78.53,84.11,86.55,93.65,89.76,91.39,91.94,98.13
04-06-2025 02:30,98.76,81.31,84.62,101.2,30.76,76.42,40.28,12.38,98.52,74.43,78.7,84.2,86.55,93.64,89.76,91.39,91.94,98.13
04-06-2025 02:35,98.76,81.31,84.62,101.23,30.67,76.4,40.28,12.38,98.52,74.34,78.78,84.3,,93.63,89.76,91.39,91.88,98.13
04-06-2025 02:40,98.76,81.31,84.62,101.18,30.57,76.38,40.28,12.38,98.52,74.32,78.86,84.39,86.55,93.62,89.76,91.39,91.88,98.13
04-06-2025 02:45,98.76,81.31,84.62,101.2,30.47,76.38,40.28,12.38,98.53,74.31,78.97,84.5,86.55,93.61,89.76,91.42,91.88,98.13
04-06-2025 02:50,98.76,81.31,84.62,101.23,30.38,76.35,40.28,12.38,98.53,74.3,79.1,84.62,86.55,93.6,89.76,91.42,91.94,98.13
04-06-2025 02:55,98.76,81.31,84.62,101.2,30.31,76.35,40.28,12.38,98.54,74.3,79.24,84.72,86.55,93.59,89.76,91.35,92.01,98.13
04-06-2025 03:00,98.76,81.31,84.62,101.22,30.19,76.33,40.28,12.38,98.54,74.3,79.07,84.69,86.55,93.58,89.76,91.32,92.01,98.13
04-06-2025 03:05,98.76,81.31,84.62,101.26,30.13,76.34,40.28,12.38,98.54,74.3,79.44,84.86,86.55,93.58,89.76,91.32,92.01,98.13
04-06-2025 03:10,98.76,81.31,84.62,101.21,30.03,76.33,40.28,12.38,98.54,74.3,79.44,84.86,86.55,93.57,89.76,91.35,92.01,98.13
04-06-2025 03:15,98.76,81.31,84.62,101.24,29.93,76.34,40.28,12.38,98.54,74.3,79.54,85.0,86.55,93.55,89.76,91.35,92.01,98.13
04-06-2025 03:20,98.76,81.31,84.62,101.19,29.83,76.33,40.28,12.38,98.54,74.3,79.64,84.86,86.55,93.55,89.76,91.35,91.94,98.13
04-06-2025 03:25,98.76,81.31,84.62,101.22,29.74,76.33,40.28,12.38,98.54,74.3,79.72,85.16,86.55,93.54,89.76,91.35,91.94,98.13
04-06-2025 03:30,98.76,81.31,84.62,101.25,29.65,76.33,40.28,12.38,98.54,74.3,79.79,85.23,86.55,93.53,89.76,91.35,91.81,98.13
04-06-2025 03:35,98.76,81.31,84.62,101.2,29.55,76.32,40.28,12.38,98.54,74.3,79.9,85.11,86.55,93.52,89.76,91.35,91.88,98.13
04-06-2025 03:40,98.76,81.31,84.62,101.23,29.46,76.33,40.28,12.38,98.54,74.3,80.01,85.32,86.55,93.51,89.76,91.32,91.88,98.13
04-06-2025 03:45,98.76,81.31,84.62,101.19,29.36,76.32,40.28,12.38,98.54,74.3,80.11,85.38,86.55,93.5,89.76,91.32,91.88,98.13
04-06-2025 03:50,98.76,81.31,84.62,101.14,29.26,76.32,40.28,12.38,98.54,74.3,80.18,85.43,86.55,93.49,89.76,91.32,91.81,98.13
04-06-2025 03:55,98.76,81.31,84.62,101.18,29.2,76.32,40.28,12.38,98.54,74.3,80.18,85.45,86.55,93.48,89.76,91.25,91.81,98.13
04-06-2025 04:00,98.76,81.31,84.62,101.12,29.08,76.32,40.28,12.38,98.54,74.3,80.18,85.45,86.55,93.47,89.76,91.25,91.88,98.13
04-06-2025 04:05,98.76,81.31,84.62,101.15,28.98,76.32,40.28,12.38,98.5,74.32,80.18,85.45,86.55,93.47,89.75,91.25,91.81,98.13
04-06-2025 04:10,98.76,81.31,84.62,101.18,28.89,76.32,40.28,12.38,98.46,74.53,80.18,85.45,86.55,93.46,89.74,91.25,91.6,98.13
04-06-2025 04:15,98.76,81.31,84.62,101.14,28.79,76.32,40.28,12.38,98.42,74.73,80.32,85.45,86.55,93.45,89.73,91.25,91.39,98.13
04-06-2025 04:20,98.76,81.31,84.62,101.16,28.69,76.32,40.28,12.38,98.39,74.86,80.36,85.69,86.55,93.44,89.73,91.22,91.18,98.13
04-06-2025 04:25,98.76,81.31,84.62,101.17,28.57,76.32,40.28,12.38,98.35,75.16,80.33,85.62,86.55,93.43,89.72,91.19,91.18,98.13
04-06-2025 04:30,98.76,81.31,84.62,101.13,28.48,76.32,40.28,12.38,98.31,75.37,80.31,85.56,86.55,93.42,89.71,91.12,91.12,98.13
04-06-2025 04:35,98.76,81.31,84.62,101.16,28.38,76.32,40.28,12.38,98.28,75.62,80.28,85.5,86.55,93.41,89.71,91.09,91.12,98.13
04-06-2025 04:40,98.76,81.31,84.62,101.19,28.29,76.32,40.28,12.38,98.24,75.99,80.26,85.28,86.55,93.4,89.7,91.05,91.05,98.13
04-06-2025 04:45,98.76,81.31,84.62,101.14,28.19,76.32,40.28,12.38,98.2,76.26,80.23,85.05,86.55,93.39,89.69,91.12,91.32,98.13
04-06-2025 04:50,98.76,81.31,84.62,101.24,28.09,76.32,40.28,12.38,98.16,76.59,80.21,84.94,86.55,93.39,89.68,91.15,91.32,98.13
04-06-2025 04:55,98.76,81.31,84.62,101.19,27.98,76.32,40.28,12.36,98.12,76.89,80.18,84.84,86.55,93.38,89.68,91.15,91.39,98.13
04-06-2025 05:00,98.76,81.31,84.62,101.23,27.91,76.32,40.27,12.36,98.09,77.3,80.18,84.86,86.55,93.36,89.67,91.09,91.46,98.13
04-06-2025 05:05,98.76,81.31,84.62,101.26,27.82,76.32,40.27,12.38,98.07,77.7,79.62,84.69,86.55,93.36,89.66,91.02,91.39,98.13
04-06-2025 05:10,98.76,81.31,84.62,101.21,27.72,76.32,40.28,12.32,98.06,78.0,79.44,84.69,86.55,93.35,89.66,90.95,91.32,98.13
04-06-2025 05:15,98.76,81.31,84.62,101.24,27.62,76.32,40.28,12.33,98.05,78.35,78.96,84.47,86.55,93.34,89.66,90.95,91.05,98.13
04-06-2025 05:20,98.76,81.31,84.62,101.2,27.54,76.32,40.27,12.27,98.03,78.69,78.8,84.29,86.55,93.33,89.65,90.92,90.84,98.13
04-06-2025 05:25,98.76,81.31,84.62,101.15,27.44,76.32,40.27,12.28,98.02,79.05,78.6,84.05,86.55,93.32,89.65,90.92,90.56,98.13
04-06-2025 05:30,98.76,81.31,84.62,101.18,27.35,76.32,40.27,12.27,98.01,79.06,78.38,83.88,86.55,93.31,89.64,90.89,90.36,98.13
04-06-2025 05:35,98.76,81.31,84.62,101.14,27.25,76.32,40.28,12.25,98.0,79.32,78.24,83.67,86.55,93.3,89.63,90.85,90.36,98.13
04-06-2025 05:40,98.76,81.31,84.62,101.24,27.16,76.32,40.27,12.28,97.98,79.49,78.09,83.5,86.55,93.29,89.63,90.82,90.63,98.13
04-06-2025 05:45,98.76,81.31,84.62,101.19,27.06,76.32,40.28,12.28,97.97,79.5,77.81,83.28,86.55,93.28,89.63,90.85,90.77,98.13
04-06-2025 05:50,98.76,81.31,84.62,101.15,26.98,76.32,40.28,12.25,97.95,79.73,77.54,83.1,86.55,93.28,89.62,90.85,90.91,98.13
04-06-2025 05:55,98.76,81.31,84.62,101.25,26.88,76.32,40.27,12.26,97.94,79.75,77.42,82.65,86.55,93.27,89.62,90.82,90.91,98.13
04-06-2025 06:00,98.76,81.31,84.62,101.19,26.75,76.32,40.27,12.3,97.92,79.57,77.03,81.62,86.55,93.26,89.61,90.75,90.91,98.13
04-06-2025 06:05,98.76,81.31,84.62,101.22,26.66,76.32,40.27,12.35,97.92,79.65,76.85,81.62,86.55,93.26,89.61,90.65,90.98,98.13
04-06-2025 06:10,98.76,81.31,84.62,101.16,26.53,76.32,40.26,12.38,97.92,79.51,76.66,80.87,86.55,93.26,89.6,90.59,90.98,98.13
04-06-2025 06:15,98.76,81.31,84.62,101.19,26.45,76.32,40.25,12.38,97.92,79.5,75.64,80.44,86.55,93.26,89.6,90.55,90.98,98.13
04-06-2025 06:20,98.76,81.31,84.62,101.21,26.32,76.32,40.24,12.38,97.92,79.49,75.0,79.93,86.55,93.26,89.59,90.52,90.77,98.13
04-06-2025 06:25,98.76,81.31,84.62,101.13,26.16,76.32,40.26,12.38,97.92,79.49,74.25,79.6,86.55,93.26,89.59,90.49,90.77,98.13
04-06-2025 06:30,98.76,81.31,84.62,101.13,26.0,76.32,40.27,12.38,97.92,79.49,73.51,79.26,86.55,93.26,89.58,90.52,90.7,98.13
04-06-2025 06:35,98.76,81.31,84.62,101.15,25.89,76.32,40.27,12.38,97.92,79.49,72.86,78.83,86.55,93.26,89.58,90.52,90.91,98.13
04-06-2025 06:40,98.76,81.31,84.62,101.16,25.76,76.32,40.28,12.38,97.92,79.49,72.03,78.15,86.55,93.26,89.57,90.52,90.98,98.13
04-06-2025 06:45,98.76,81.31,84.62,101.19,25.67,76.32,40.26,12.38,97.92,79.49,71.48,77.64,86.55,93.26,89.57,90.52,90.98,98.13
04-06-2025 06:50,98.76,81.31,84.62,101.15,25.57,76.32,40.25,12.38,97.92,79.49,71.11,77.09,86.55,93.26,89.56,90.55,91.05,98.13
04-06-2025 06:55,98.76,81.31,84.62,101.18,25.48,76.32,40.23,12.4,97.92,79.49,70.46,76.88,86.55,93.26,89.56,90.45,91.18,98.13
04-06-2025 07:00,98.76,81.31,84.62,101.19,25.36,76.32,40.25,12.41,97.92,79.49,69.81,76.19,86.55,93.26,89.55,90.39,91.25,98.13
04-06-2025 07:05,98.76,81.31,84.62,101.15,25.27,76.32,40.25,12.41,97.92,79.49,69.25,75.44,86.55,93.26,89.55,90.32,91.39,98.13
04-06-2025 07:10,98.76,81.31,84.62,101.18,25.17,76.32,40.26,12.44,97.92,79.49,68.51,75.01,86.55,93.26,89.55,90.29,91.39,98.13
04-06-2025 07:15,98.76,81.31,84.62,101.21,25.08,76.32,40.27,12.47,97.92,79.49,67.95,74.83,86.55,93.26,89.55,90.29,91.25,98.13
04-06-2025 07:20,98.76,81.31,84.62,101.16,24.99,76.32,40.26,12.49,97.92,79.49,67.4,75.26,86.55,93.26,89.54,90.25,91.18,98.13
04-06-2025 07:25,98.76,81.31,84.62,101.19,24.89,76.32,40.26,12.5,97.92,79.49,66.92,75.18,86.55,93.26,89.54,90.25,91.12,98.13
04-06-2025 07:30,98.76,81.31,84.62,101.15,24.81,76.32,40.27,12.51,97.92,79.45,66.66,74.88,86.55,93.26,89.54,90.25,91.12,98.13
04-06-2025 07:35,98.76,81.31,84.62,101.18,24.71,76.32,40.27,12.51,97.92,79.4,66.8,74.67,86.55,93.26,89.53,90.32,91.18,98.13
04-06-2025 07:40,98.76,81.31,84.62,101.14,24.62,76.32,40.27,12.52,97.92,79.21,66.94,74.67,86.55,93.26,89.53,90.39,91.18,98.13
04-06-2025 07:45,98.76,81.31,84.62,101.17,24.53,76.32,40.26,12.52,97.92,79.15,67.08,75.26,86.55,93.26,89.53,90.39,91.18,98.13
04-06-2025 07:50,98.76,81.31,84.62,101.2,24.43,76.32,40.26,12.52,97.92,79.09,67.19,74.67,86.55,93.26,89.53,90.29,91.18,98.13
04-06-2025 07:55,98.76,81.3,84.62,101.16,24.34,76.32,40.25,12.52,97.92,79.06,67.31,74.42,86.55,93.26,89.53,90.22,91.25,98.13
04-06-2025 08:00,98.76,81.28,84.62,101.11,24.25,76.32,40.25,12.52,97.92,79.05,67.4,74.5,86.55,93.26,89.52,90.15,91.32,98.13
04-06-2025 08:05,98.75,81.31,84.62,101.14,24.16,76.32,40.24,12.38,97.93,79.05,67.03,74.08,86.55,93.28,89.52,90.12,91.32,98.13
04-06-2025 08:10,98.76,81.3,84.62,101.1,24.07,76.32,40.25,12.38,97.93,79.05,67.03,73.91,86.55,93.29,89.51,90.09,91.32,98.13
04-06-2025 08:15,98.74,81.3,84.62,101.2,23.97,76.32,40.25,12.43,97.94,79.05,66.99,73.68,86.55,93.31,89.51,90.15,91.39,98.13
04-06-2025 08:20,98.72,81.31,84.62,101.16,23.88,76.32,40.25,12.53,97.94,79.05,66.8,73.6,86.55,93.33,89.5,90.15,91.39,98.13
04-06-2025 08:25,98.72,81.3,84.62,101.11,23.8,76.32,40.25,12.53,97.94,79.05,66.47,73.44,86.55,93.35,89.5,90.19,91.53,98.13
04-06-2025 08:30,98.72,81.29,84.62,101.14,23.7,76.32,40.25,12.53,97.94,79.05,66.16,73.57,86.55,93.36,89.49,90.19,91.46,98.13
04-06-2025 08:35,98.71,81.31,84.62,101.09,23.58,76.32,40.25,12.54,97.95,79.05,65.98,73.11,86.55,93.39,89.49,90.22,91.53,98.13
04-06-2025 08:40,98.69,81.29,84.62,101.12,23.49,76.32,40.23,12.59,97.95,79.05,65.55,73.0,86.55,93.4,89.48,90.25,91.53,98.13
04-06-2025 08:45,98.63,81.3,84.62,101.15,23.39,76.32,40.23,12.65,97.96,79.05,65.42,72.78,86.55,93.42,89.48,90.19,91.6,98.13
04-06-2025 08:50,98.58,81.29,84.62,101.1,23.3,76.32,40.21,12.67,97.96,79.05,65.28,72.57,86.55,93.44,89.47,90.12,91.46,98.13
04-06-2025 08:55,98.51,81.31,84.62,101.21,23.22,76.32,40.22,12.64,97.97,79.05,65.06,72.41,86.55,93.46,89.47,90.09,91.39,98.13
04-06-2025 09:00,98.44,81.31,84.62,101.1,23.15,76.32,40.19,12.54,97.97,79.04,64.81,72.37,86.55,93.47,89.46,90.09,91.32,98.13
04-06-2025 09:05,98.44,81.3,84.62,101.1,23.15,76.32,40.15,12.53,97.97,79.0,64.62,72.37,86.55,93.48,89.46,90.12,91.53,98.13
04-06-2025 09:10,98.34,81.28,84.62,101.16,23.12,76.32,40.1,12.53,97.97,78.98,64.44,72.37,86.55,93.48,89.46,90.19,91.6,98.13
04-06-2025 09:15,98.36,81.29,84.62,101.06,23.22,76.32,40.14,12.53,97.97,78.91,64.3,72.21,86.55,93.49,89.46,90.22,91.6,98.13
04-06-2025 09:20,98.29,81.28,84.62,101.13,23.36,76.32,40.08,12.47,97.97,78.69,64.18,71.83,86.55,93.49,89.46,90.29,91.6,98.13
04-06-2025 09:25,98.25,81.25,84.62,101.17,23.61,76.32,40.11,12.38,97.97,78.63,64.05,71.73,86.55,93.49,89.46,90.29,91.67,98.13
04-06-2025 09:30,98.17,81.26,84.62,101.07,23.85,76.32,40.11,12.38,97.97,78.62,63.93,71.96,86.55,93.5,89.46,90.29,91.81,98.13
04-06-2025 09:35,98.18,81.23,84.62,101.18,24.1,76.32,40.1,12.36,97.97,78.62,63.8,71.84,86.55,93.51,89.46,90.29,91.67,98.13
04-06-2025 09:40,98.11,81.17,84.62,101.17,24.37,76.32,40.14,12.24,97.97,78.62,63.64,71.69,86.55,93.51,89.46,90.25,91.53,98.13
04-06-2025 09:45,98.06,81.17,84.62,101.21,24.62,76.32,40.12,12.22,97.97,78.62,63.41,71.84,86.55,93.52,89.46,90.22,91.39,98.13
04-06-2025 09:50,98.05,81.25,84.62,101.25,24.87,76.32,40.13,12.22,97.97,78.62,63.24,71.78,86.55,93.52,89.46,90.22,91.39,98.13
04-06-2025 09:55,98.05,81.14,84.62,101.14,25.08,76.32,40.1,12.22,97.97,78.62,63.14,71.72,86.55,93.53,89.46,90.32,91.46,98.13
04-06-2025 10:00,98.05,81.14,84.62,101.24,25.3,76.32,40.1,12.22,97.97,78.62,63.14,71.69,86.55,93.53,89.46,90.39,91.46,98.13
04-06-2025 10:05,98.04,81.07,84.62,101.22,25.57,76.32,40.08,12.22,97.97,78.62,63.14,71.44,86.55,93.54,89.46,90.39,91.32,98.13
04-06-2025 10:10,98.04,81.08,84.62,101.19,25.82,76.32,40.06,12.22,97.97,78.62,63.14,71.44,86.55,93.55,89.46,90.39,91.32,98.13
04-06-2025 10:15,98.05,81.17,84.62,101.24,26.07,76.32,40.06,12.22,97.97,78.62,62.9,71.67,86.55,93.55,89.46,90.39,91.46,98.13
04-06-2025 10:20,98.04,81.12,84.62,101.12,26.29,76.32,40.08,12.22,97.97,78.62,62.81,71.56,86.55,93.57,89.46,90.39,91.6,98.13
04-06-2025 10:25,98.04,80.96,84.62,101.25,26.56,76.32,40.08,12.22,97.97,78.62,62.49,71.51,86.55,93.58,89.45,90.39,91.6,98.13
04-06-2025 10:30,98.04,81.0,84.62,101.21,26.79,76.32,40.05,12.22,97.97,78.62,62.38,71.69,86.55,93.58,89.45,90.39,,98.13
04-06-2025 10:35,98.04,81.02,84.62,101.18,27.03,76.32,40.07,12.22,97.97,78.62,62.35,71.37,86.55,93.59,89.45,90.39,91.53,98.13
04-06-2025 10:40,98.04,81.03,84.62,101.3,27.28,76.32,40.07,12.25,97.97,78.62,62.32,71.44,86.55,93.6,89.44,90.35,91.53,98.13
04-06-2025 10:45,98.04,81.02,84.62,101.18,27.51,76.32,40.05,12.35,97.97,78.62,62.29,71.17,86.55,93.61,89.44,90.35,91.53,98.13
04-06-2025 10:50,98.04,81.1,84.62,101.23,27.75,76.32,40.03,12.38,97.97,78.62,62.26,71.07,86.55,93.62,89.44,90.35,91.39,98.13
04-06-2025 10:55,98.04,81.0,84.62,101.28,28.01,76.32,40.0,12.38,97.97,78.62,62.23,70.98,86.55,93.63,89.44,90.42,91.32,98.13
04-06-2025 11:00,98.04,81.0,84.62,101.1,28.25,76.32,39.98,12.38,97.97,78.62,62.22,70.94,86.55,93.64,89.43,90.45,91.32,98.13
04-06-2025 11:05,98.04,80.9,84.62,101.21,28.48,76.32,39.94,12.38,97.97,78.62,62.22,70.94,86.55,93.65,89.44,90.45,91.39,98.13
04-06-2025 11:10,98.04,80.88,84.62,101.18,28.73,76.32,39.95,12.38,97.97,78.62,61.85,70.94,86.55,93.66,89.44,90.42,91.39,98.13
04-06-2025 11:15,98.04,80.84,84.62,101.14,28.95,76.32,39.95,12.38,97.97,78.61,61.59,70.72,86.55,93.67,89.44,90.42,91.39,98.13
04-06-2025 11:20,98.04,80.82,84.62,101.26,29.2,76.32,39.94,12.38,97.97,78.58,61.42,70.55,86.55,93.68,89.44,90.42,91.32,98.13
04-06-2025 11:25,98.04,80.81,84.62,101.23,29.46,76.32,39.94,12.38,97.97,78.58,61.33,70.65,86.55,93.69,89.45,90.39,91.46,98.13
04-06-2025 11:30,98.04,80.76,84.62,101.26,29.68,76.32,39.93,12.38,97.97,78.52,61.24,70.94,86.55,93.69,89.45,90.39,91.53,98.13
04-06-2025 11:35,98.04,80.76,84.62,101.3,29.9,76.32,39.93,12.38,97.97,78.54,61.15,70.88,86.55,93.7,89.45,90.39,91.53,98.13
04-06-2025 11:40,98.04,80.77,84.62,101.2,30.16,76.32,39.93,12.38,97.97,78.47,61.17,70.81,86.55,93.71,89.46,90.42,91.46,98.13
04-06-2025 11:45,98.04,80.76,84.62,101.32,30.41,76.32,39.93,12.38,97.97,78.35,61.27,70.81,86.55,93.72,89.46,90.42,91.39,98.13
04-06-2025 11:50,98.04,80.77,84.62,101.21,30.64,76.32,39.93,12.38,97.97,78.29,61.36,70.9,86.55,93.73,89.46,90.42,91.32,98.13
04-06-2025 11:55,98.04,80.78,84.62,101.26,30.89,76.32,39.93,12.38,97.97,78.22,61.44,70.78,86.55,93.74,89.46,90.45,91.32,98.13
04-06-2025 12:00,98.04,80.77,84.62,101.29,31.11,76.32,39.93,12.38,97.97,78.25,61.48,70.76,86.55,93.75,89.46,90.49,91.32,98.13
04-06-2025 12:05,98.04,80.8,84.62,101.27,31.37,76.33,39.93,12.38,97.97,78.22,61.48,70.76,86.55,93.76,89.47,90.45,91.25,98.13
04-06-2025 12:10,98.04,80.8,84.62,101.37,31.59,76.32,39.93,12.38,97.97,78.2,61.48,70.76,86.55,93.77,89.47,90.42,91.25,98.13
04-06-2025 12:15,98.04,80.75,84.62,101.35,31.85,76.32,39.93,12.38,97.98,78.2,61.29,70.96,86.55,93.77,89.47,90.42,91.25,98.13
04-06-2025 12:20,98.04,80.76,84.62,101.33,32.11,76.32,39.93,12.38,97.98,78.2,61.29,70.99,86.55,93.79,89.47,90.42,91.32,98.13
04-06-2025 12:25,98.04,80.75,84.62,101.37,32.34,76.32,39.93,12.38,97.98,78.19,61.4,71.02,86.54,93.8,89.48,90.42,91.32,98.13
04-06-2025 12:30,98.04,80.75,84.62,101.33,32.56,76.32,39.93,12.38,97.99,78.19,61.29,71.04,86.54,93.8,89.48,90.42,91.32,98.13
04-06-2025 12:35,98.04,80.75,84.62,101.37,32.82,76.32,39.93,12.38,97.99,78.19,61.45,71.07,86.54,93.81,89.48,90.45,91.32,98.13
04-06-2025 12:40,98.04,80.75,84.62,101.34,33.05,76.32,39.93,12.38,98.0,78.19,61.4,71.1,86.54,93.82,89.48,90.45,91.39,98.13
04-06-2025 12:45,98.04,80.75,84.62,101.24,33.31,76.32,39.93,12.38,98.0,78.19,61.31,71.13,86.54,93.83,89.49,90.45,91.39,98.13
04-06-2025 12:50,98.04,80.75,84.62,101.28,33.53,76.32,39.93,12.38,98.0,78.19,61.4,71.17,86.54,93.84,89.49,90.45,91.39,98.13
04-06-2025 12:55,98.04,80.75,84.62,101.26,33.8,76.32,39.93,12.38,98.0,78.19,61.48,71.21,86.54,93.85,89.49,90.45,91.25,98.13
04-06-2025 13:00,98.04,80.75,84.62,101.23,34.02,76.32,39.93,12.38,98.01,78.19,61.48,71.11,86.54,93.86,89.49,90.45,91.25,98.13
04-06-2025 13:05,98.04,80.75,84.62,101.26,34.25,76.32,39.93,12.38,98.01,78.19,61.48,71.28,86.54,93.86,89.49,90.45,91.25,98.13
04-06-2025 13:10,98.04,80.75,84.62,101.16,34.49,76.32,39.93,12.38,98.02,78.19,61.85,71.11,86.54,93.87,89.49,90.42,91.25,98.13
04-06-2025 13:15,98.04,80.76,84.62,101.26,34.71,76.32,39.93,12.38,98.02,78.19,61.88,71.28,86.54,93.87,89.49,90.42,91.18,98.13
04-06-2025 13:20,98.04,80.75,84.62,101.23,34.94,76.32,39.93,12.38,98.02,78.19,61.91,71.31,86.54,93.88,89.49,90.42,91.18,98.13
04-06-2025 13:25,98.04,80.75,84.62,101.27,35.17,76.32,39.93,12.38,98.02,78.19,61.94,71.37,86.54,93.88,89.49,90.45,91.25,98.13
04-06-2025 13:30,98.04,80.76,84.62,101.39,35.44,76.32,39.93,12.38,98.03,78.19,61.97,71.43,86.54,93.88,89.49,90.45,91.32,98.13
04-06-2025 13:35,98.04,80.75,84.62,101.36,35.66,76.32,39.93,12.38,98.03,78.19,62.0,71.45,86.54,93.89,89.49,90.49,91.32,98.13
04-06-2025 13:40,98.04,80.76,84.62,101.41,35.93,76.32,39.93,12.38,98.03,78.19,62.03,71.5,86.54,93.9,89.49,90.49,91.32,98.13
04-06-2025 13:45,98.04,80.76,84.62,101.44,36.12,76.32,39.93,12.38,98.04,78.19,62.06,71.56,86.54,93.9,89.49,90.45,91.25,98.13
04-06-2025 13:50,98.04,80.76,84.62,101.35,36.39,76.32,39.93,12.38,98.04,78.19,62.14,71.61,86.54,93.91,89.49,90.45,91.25,98.13
04-06-2025 13:55,98.04,80.76,84.62,101.46,36.63,76.32,39.93,12.38,98.05,78.19,62.22,71.66,86.54,93.91,89.49,90.45,91.25,98.13
04-06-2025 14:00,98.04,80.76,84.62,101.43,36.86,76.32,39.93,12.38,98.05,78.19,62.22,71.69,86.54,93.91,89.49,90.45,91.25,98.13
04-06-2025 14:05,98.04,80.75,84.62,101.39,37.09,76.32,39.93,12.38,98.09,78.1,62.22,71.69,86.54,93.92,89.5,90.45,91.18,98.13
04-06-2025 14:10,98.04,80.75,84.62,101.44,37.32,76.32,39.93,12.38,98.13,77.74,62.22,71.69,86.54,93.94,89.5,90.45,91.12,98.13
04-06-2025 14:15,98.04,80.76,84.62,101.33,37.56,76.32,39.93,12.33,98.17,77.49,62.28,71.76,86.54,93.94,89.51,90.45,91.12,98.13
04-06-2025 14:20,98.04,80.77,84.62,101.3,37.79,76.32,39.93,12.07,98.21,77.19,62.35,71.84,86.54,93.95,89.51,90.49,91.18,98.13
04-06-2025 14:25,98.04,80.75,84.62,101.36,38.06,76.32,39.93,12.07,98.25,76.87,62.41,71.89,86.54,93.96,89.52,90.49,91.18,98.13
04-06-2025 14:30,98.04,80.76,84.62,101.33,38.29,76.32,39.93,12.07,98.29,76.56,62.47,71.92,86.54,93.97,89.52,90.49,91.18,98.13
04-06-2025 14:35,98.04,80.76,84.62,101.44,38.53,76.32,39.93,12.07,98.34,76.38,62.53,71.95,86.54,93.98,89.53,90.49,91.18,98.13
04-06-2025 14:40,98.04,80.75,84.62,101.41,38.77,76.32,39.93,12.07,98.37,76.0,62.58,71.98,86.54,93.99,89.53,90.49,91.18,98.13
04-06-2025 14:45,98.04,80.76,84.62,101.38,39.0,76.32,39.93,12.07,98.42,75.72,62.64,72.02,86.54,93.99,89.54,90.45,91.18,98.13
04-06-2025 14:50,98.04,80.76,84.62,101.42,39.24,76.32,39.93,12.07,98.46,75.41,62.7,72.04,86.54,94.01,89.54,90.45,91.18,98.13
04-06-2025 14:55,98.04,80.76,84.62,101.39,39.47,76.32,39.93,12.07,98.5,75.16,62.76,72.04,86.54,94.02,89.55,90.45,91.18,98.13
04-06-2025 15:00,98.04,80.77,84.62,101.36,39.71,76.32,39.93,12.07,98.54,74.81,62.77,72.04,86.54,94.02,89.55,90.49,91.12,98.13
04-06-2025 15:05,98.04,80.77,84.62,101.4,39.94,76.32,39.93,12.07,98.54,74.72,62.77,72.04,86.54,94.03,89.56,90.49,91.12,98.13
04-06-2025 15:10,98.04,80.77,84.62,101.3,40.18,76.32,39.93,12.07,98.54,74.63,62.77,72.04,86.54,94.04,89.57,90.49,91.12,98.13
04-06-2025 15:15,98.04,80.78,84.62,101.41,40.41,76.32,39.93,12.07,98.55,74.72,62.82,72.18,86.54,94.05,89.58,90.49,91.12,98.13
04-06-2025 15:20,98.04,80.77,84.62,101.31,40.65,76.32,39.93,12.07,98.55,74.71,62.99,72.64,86.54,94.06,89.58,90.49,91.05,98.13
04-06-2025 15:25,98.04,80.77,84.62,101.36,40.89,76.32,39.93,12.07,98.56,74.71,63.05,72.78,86.54,94.07,89.59,90.49,91.05,98.13
04-06-2025 15:30,98.04,80.77,84.61,101.4,41.13,76.32,39.93,12.06,98.56,74.71,63.11,72.91,86.54,94.08,89.6,90.49,91.12,98.13
04-06-2025 15:35,98.05,80.79,84.62,101.37,41.37,76.32,39.93,12.03,98.56,74.72,63.36,72.9,86.54,94.09,89.61,90.49,91.12,98.13
04-06-2025 15:40,98.05,80.79,84.62,101.41,41.6,76.32,39.93,11.96,98.57,74.64,63.62,73.09,86.54,94.1,89.61,90.49,91.12,98.13
04-06-2025 15:45,98.07,80.79,84.62,101.43,41.78,76.32,39.93,11.92,98.57,74.71,63.95,73.02,86.53,94.11,89.62,90.49,91.12,98.13
04-06-2025 15:50,98.1,80.81,84.62,101.36,41.78,76.32,39.93,11.92,98.57,74.67,64.29,73.15,86.53,94.12,89.63,90.49,91.12,98.13
04-06-2025 15:55,98.1,80.78,84.61,101.36,41.78,76.32,39.93,12.0,98.57,74.68,64.48,73.26,86.53,94.13,89.63,90.49,91.12,98.13
04-06-2025 16:00,98.17,80.84,84.61,101.41,41.74,76.32,39.93,12.24,98.58,74.72,64.62,73.57,86.53,94.13,89.64,90.45,91.12,98.13
04-06-2025 16:05,98.13,80.96,84.61,101.29,41.64,76.32,39.93,12.48,98.58,74.7,64.62,73.74,86.53,94.13,89.64,90.42,91.05,98.13
04-06-2025 16:10,98.15,80.85,84.59,101.38,41.53,76.32,39.93,12.63,98.59,74.64,64.62,73.91,86.53,94.13,89.64,90.39,91.05,98.13
04-06-2025 16:15,98.23,81.11,84.62,101.42,41.46,76.32,39.93,12.68,98.59,74.45,65.11,74.14,86.53,94.13,89.64,90.39,90.98,98.13
04-06-2025 16:20,98.23,81.17,84.61,101.3,41.37,76.32,39.93,12.62,98.59,74.32,65.31,74.29,86.53,94.13,89.64,90.35,90.98,98.13
04-06-2025 16:25,98.28,81.09,84.59,101.41,41.3,76.32,39.93,12.41,98.59,74.32,65.46,74.46,86.53,94.13,89.64,90.32,90.98,98.13
04-06-2025 16:30,98.33,81.12,84.62,101.43,41.2,76.32,39.94,12.06,98.6,74.32,65.7,74.57,86.52,94.13,89.64,90.25,91.12,98.13
04-06-2025 16:35,98.36,81.16,84.62,101.33,41.13,76.32,39.94,11.8,98.6,74.31,66.05,74.65,86.52,94.13,89.64,90.25,91.46,98.13
04-06-2025 16:40,98.41,81.11,84.61,101.42,41.02,76.32,39.93,11.67,98.6,74.31,66.21,74.8,86.52,94.13,89.64,90.15,91.74,98.13
04-06-2025 16:45,98.46,81.17,84.62,101.37,40.92,76.32,39.94,11.63,98.61,74.3,66.4,75.01,86.52,94.13,89.64,90.12,91.81,98.13
04-06-2025 16:50,98.57,81.18,84.61,101.33,40.83,76.32,39.95,11.63,98.61,74.3,66.66,75.19,86.52,94.13,89.64,90.15,91.81,98.13
04-06-2025 16:55,98.52,81.2,84.61,101.35,40.72,76.32,39.95,11.63,98.62,74.3,66.77,75.37,86.52,94.13,89.64,90.12,92.01,98.13
04-06-2025 17:00,98.64,81.19,84.6,101.3,40.62,76.32,39.97,11.65,98.62,74.3,66.85,75.44,86.52,94.13,89.64,90.09,92.29,98.13
04-06-2025 17:05,98.65,81.17,84.59,101.39,40.51,76.32,39.97,11.74,98.62,74.3,67.03,75.61,86.52,94.13,89.64,90.02,92.29,98.13
04-06-2025 17:10,98.66,81.14,84.6,101.37,40.32,76.32,39.98,11.77,98.62,74.3,67.03,75.78,86.52,94.13,89.63,89.96,92.29,98.13
04-06-2025 17:15,98.69,81.17,84.61,101.25,40.08,76.32,39.99,11.77,98.62,74.3,67.54,75.99,86.52,94.13,89.63,89.99,92.36,98.13
04-06-2025 17:20,98.73,81.17,84.6,101.42,39.97,76.32,39.98,11.77,98.62,74.3,67.76,76.14,86.52,94.13,89.63,90.02,92.36,98.13
04-06-2025 17:25,98.75,81.04,84.59,101.44,39.87,76.32,40.02,11.8,98.62,74.3,67.97,76.26,86.52,94.13,89.63,89.99,92.29,98.13
04-06-2025 17:30,98.75,81.11,84.59,101.32,39.78,76.32,40.01,11.9,98.62,74.3,68.18,76.37,86.51,94.13,89.63,89.96,92.08,98.13
04-06-2025 17:35,98.76,80.9,84.59,101.41,39.67,76.32,40.11,11.92,98.62,74.3,68.36,76.51,86.51,94.13,89.62,89.89,92.22,98.13
04-06-2025 17:40,98.76,80.89,84.59,101.35,39.54,76.32,40.14,11.92,98.62,74.3,68.48,76.74,86.51,94.13,89.62,89.79,92.71,98.13
04-06-2025 17:45,98.76,81.13,84.59,101.34,39.36,76.32,40.15,11.92,98.62,74.3,68.75,76.9,86.51,94.13,89.62,89.79,92.98,98.13
04-06-2025 17:50,98.76,81.19,84.6,101.43,39.1,76.32,40.13,11.92,98.62,74.3,68.94,77.03,86.51,94.13,89.62,89.86,92.78,98.13
04-06-2025 17:55,98.75,81.21,84.58,101.3,38.82,76.32,40.14,11.93,98.62,74.3,69.07,77.16,86.51,94.13,89.61,89.86,92.43,98.13
04-06-2025 18:00,98.76,81.22,84.59,101.38,38.56,76.32,40.17,12.01,98.62,74.3,69.25,77.12,86.51,94.13,89.61,89.79,92.57,98.13
04-06-2025 18:05,98.76,81.25,84.57,101.4,38.29,76.32,40.16,12.07,98.62,74.3,69.25,77.39,86.51,94.13,89.61,89.66,92.92,98.13
04-06-2025 18:10,98.76,81.27,84.59,101.3,38.09,76.32,40.19,12.07,98.62,74.3,69.62,77.56,86.51,94.13,89.6,89.63,93.4,98.13
04-06-2025 18:15,98.76,81.26,84.56,101.42,37.89,76.32,40.18,12.07,98.63,74.3,69.87,77.75,86.51,94.12,89.6,89.63,93.4,98.13
04-06-2025 18:20,98.76,81.23,84.56,101.25,37.69,76.32,40.2,12.07,98.63,74.29,70.07,77.88,86.51,94.12,89.59,89.69,93.33,98.13
04-06-2025 18:25,98.76,81.23,84.56,101.36,37.46,76.32,40.22,12.07,98.64,74.27,70.4,78.07,86.51,94.11,89.59,89.69,93.4,98.13
04-06-2025 18:30,98.76,81.28,84.56,101.46,37.22,76.32,40.21,12.07,98.64,74.25,70.52,78.24,86.5,94.11,89.58,89.63,93.47,98.13
04-06-2025 18:35,98.76,81.28,84.56,101.24,36.92,76.32,40.24,12.07,98.65,74.2,70.68,78.38,86.5,94.11,89.58,89.49,93.33,98.13
04-06-2025 18:40,98.76,81.28,84.55,101.47,36.65,76.32,40.25,12.07,98.65,74.21,70.96,78.53,86.5,94.1,89.57,89.4,93.19,98.13
04-06-2025 18:45,98.76,81.29,84.58,101.33,36.36,76.32,40.24,12.07,98.65,74.13,71.17,78.71,86.5,94.1,89.57,89.4,93.26,98.13
04-06-2025 18:50,98.76,81.3,84.5,101.35,36.1,76.32,40.25,12.07,98.65,74.04,71.27,78.78,86.5,94.09,89.56,89.4,93.33,98.13
04-06-2025 18:55,98.76,81.29,84.53,101.43,35.8,76.32,40.26,12.07,98.66,73.97,71.44,78.81,86.5,94.08,89.56,89.4,93.33,98.13
04-06-2025 19:00,98.76,81.28,84.51,101.24,35.56,76.32,40.26,12.07,,73.93,,,86.5,,,89.43,93.19,98.13
04-06-2025 19:05,98.76,81.29,84.45,101.3,35.4,76.32,40.27,12.07,,74.08,,,86.5,,,89.36,93.33,98.13
04-06-2025 19:10,98.76,81.29,84.46,101.39,35.27,76.32,40.28,12.07,,74.3,,,86.5,,,89.33,93.47,98.13
04-06-2025 19:15,98.76,81.26,84.45,101.18,35.13,76.32,40.28,12.07,,74.44,,,86.5,,,89.33,93.61,98.13
04-06-2025 19:20,98.76,81.29,84.49,101.33,35.01,76.32,40.28,12.07,,74.72,,,86.5,,,89.3,93.47,98.13
04-06-2025 19:25,98.76,81.29,84.5,101.2,34.88,76.32,40.28,12.07,,74.73,,,86.5,,,89.26,93.4,98.13
04-06-2025 19:30,98.76,81.28,84.41,101.18,34.68,76.32,40.28,12.07,,75.06,,,86.49,,,89.2,93.26,98.13
04-06-2025 19:35,98.76,81.25,84.31,101.36,34.45,76.31,40.28,12.06,,75.16,,,86.49,,,89.1,93.26,98.13
04-06-2025 19:40,98.76,81.25,84.22,101.14,34.15,76.32,40.28,12.05,,75.35,,,86.49,,,89.03,93.12,98.13
04-06-2025 19:45,98.76,81.29,84.21,101.27,33.96,76.31,40.28,11.99,,75.58,,,86.49,,,89.03,93.12,98.13
04-06-2025 19:50,98.76,81.3,84.24,101.35,33.83,76.28,40.28,11.95,,75.92,,,86.49,,,89.13,92.98,98.13
04-06-2025 19:55,98.76,81.3,84.41,101.22,33.7,76.26,40.28,11.94,,76.04,,,86.49,,,89.17,92.98,98.13
04-06-2025 20:00,98.76,81.31,84.23,,,76.26,40.35,11.92,,76.39,,,86.49,,,,,98.13
04-06-2025 20:05,98.76,81.29,84.32,,,76.3,40.49,11.92,,76.55,,,86.49,,,,,98.13
04-06-2025 20:10,98.76,81.17,84.15,,,76.26,40.57,11.92,,76.87,,,86.49,,,,,98.13
04-06-2025 20:15,98.76,81.23,84.19,,,76.27,40.58,11.92,,77.25,,,86.49,,,,,98.13
04-06-2025 20:20,98.76,81.22,84.39,,,76.25,40.59,11.92,,77.59,,,86.49,,,,,98.13
04-06-2025 20:25,98.76,81.22,84.34,,,76.21,40.61,11.92,,77.82,,,86.48,,,,,98.13
