Fecha,1078,1079,1108,1177,1231,1232,1253,1254,1255,1272,1333,1334,1337,1340,1345,1346,1355,1356,1362,1364,1406,1408,1409,1847
08-06-2025 00:00,168.02,283.89,150.9,305.16,837.78,1151.38,770.77,102.44,442.97,894.91,490.14,378.84,75.69,74.61,402.09,331.1,245.01,209.69,4.41,11.91,219.25,107.75,31.58,244.44
08-06-2025 00:05,168.01,283.89,150.9,305.16,837.8,1151.35,770.77,102.44,442.97,894.91,490.14,378.84,75.68,74.6,402.09,331.1,245.01,209.69,4.41,11.91,219.32,107.77,31.58,244.42
08-06-2025 00:10,168.01,283.89,150.9,305.16,837.82,1151.33,770.77,102.44,442.96,894.91,490.14,378.84,75.67,74.58,402.09,331.1,245.01,209.69,4.4,11.91,219.31,107.77,31.58,244.43
08-06-2025 00:15,168.01,283.89,150.9,305.16,837.81,1151.31,770.77,102.43,442.97,894.91,490.14,378.84,75.67,74.57,402.09,331.1,245.01,209.69,4.4,11.91,219.32,107.77,31.58,244.44
08-06-2025 00:20,168.03,283.89,150.91,305.16,837.88,1151.3,770.77,102.43,442.97,894.91,490.14,378.84,75.66,74.57,402.09,331.1,245.01,209.69,4.4,11.91,219.3,107.77,31.58,244.44
08-06-2025 00:25,168.01,283.89,150.9,305.16,837.89,1151.28,770.77,102.42,442.96,894.92,490.14,378.84,75.65,74.57,402.09,331.1,245.01,209.69,4.4,11.91,219.33,107.77,31.6,244.44
08-06-2025 00:30,168.03,283.89,150.9,305.16,837.88,1151.26,770.77,102.42,442.97,894.93,490.14,378.83,75.65,74.57,402.09,331.09,245.02,209.69,4.4,11.91,219.35,107.77,31.61,244.44
08-06-2025 00:35,168.02,283.89,150.9,305.16,837.92,1151.23,770.77,102.41,442.96,894.92,490.14,378.83,75.65,74.56,402.09,331.08,245.04,209.69,4.4,11.91,219.29,107.77,31.61,244.44
08-06-2025 00:40,168.01,283.89,150.91,305.16,837.92,1151.2,770.77,102.41,442.96,894.92,490.14,378.83,75.63,74.56,402.09,331.07,245.04,209.69,4.4,11.91,219.26,107.77,31.61,244.44
08-06-2025 00:45,168.02,283.89,150.9,305.16,837.92,1151.17,770.77,102.41,442.96,894.91,490.14,378.83,75.63,74.57,402.09,331.06,245.05,209.69,4.4,11.91,219.3,107.77,31.61,244.44
08-06-2025 00:50,168.02,283.89,150.91,305.16,837.93,1151.14,770.77,102.41,442.97,894.92,490.14,378.83,75.63,74.56,402.09,331.06,245.05,209.69,4.4,11.91,219.32,107.77,31.61,244.44
08-06-2025 00:55,168.01,283.89,150.91,305.16,837.93,1151.11,770.77,102.41,442.96,894.93,490.14,378.83,75.62,74.54,402.09,331.06,245.05,209.69,4.4,11.91,219.28,107.77,31.61,244.43
08-06-2025 01:00,168.01,283.89,150.91,305.16,837.93,1151.08,770.77,102.41,442.96,894.93,490.14,378.83,75.62,74.53,402.09,331.06,245.05,209.69,4.4,11.91,219.25,107.77,31.61,244.42
08-06-2025 01:05,168.01,283.89,150.9,305.16,837.93,1151.06,770.77,102.41,442.96,894.93,490.14,378.83,75.63,74.53,402.09,331.04,245.05,209.69,4.4,11.91,219.31,107.77,31.6,244.42
08-06-2025 01:10,168.01,283.89,150.9,305.16,837.93,1151.04,770.77,102.41,442.96,894.94,490.14,378.82,75.63,74.53,402.09,331.04,245.05,209.69,4.4,11.91,219.35,107.77,31.58,244.44
08-06-2025 01:15,168.02,283.89,150.9,305.16,837.93,1151.01,770.77,102.41,442.96,894.95,490.14,378.82,75.63,74.53,402.09,331.03,245.06,209.69,4.4,11.91,219.35,107.77,31.58,244.44
08-06-2025 01:20,168.02,283.89,150.9,305.16,837.93,1150.98,770.77,102.41,442.96,894.95,490.14,378.82,75.64,74.53,402.09,331.03,245.07,209.69,4.4,11.91,219.36,107.77,31.61,244.44
08-06-2025 01:25,168.02,283.89,150.9,305.16,837.93,1150.95,770.77,102.41,442.96,894.95,490.14,378.81,75.63,74.54,402.09,331.03,245.08,209.69,4.4,11.91,219.37,107.77,31.61,244.44
08-06-2025 01:30,168.02,283.89,150.9,305.16,837.93,1150.93,770.77,102.41,442.97,894.95,490.14,378.81,75.63,74.55,402.09,331.02,245.08,209.69,4.41,11.91,219.38,107.77,31.61,244.43
08-06-2025 01:35,168.02,283.89,150.9,305.16,837.93,1150.91,770.77,102.41,442.96,894.95,490.14,378.8,75.63,74.56,402.09,331.02,245.08,209.69,4.41,11.91,219.38,107.76,31.61,244.44
08-06-2025 01:40,168.02,283.89,150.9,305.16,837.93,1150.88,770.77,102.41,442.96,894.97,490.14,378.8,75.63,74.57,402.09,331.0,245.08,209.69,4.41,11.91,219.37,107.74,31.61,244.43
08-06-2025 01:45,168.02,283.89,150.9,305.16,837.93,1150.86,770.77,102.41,442.96,894.97,490.14,378.8,75.64,74.57,402.08,330.99,245.08,209.69,4.41,11.91,219.37,107.76,31.61,244.44
08-06-2025 01:50,168.02,283.89,150.9,305.16,837.93,1150.84,770.77,102.41,442.96,894.97,490.14,378.8,75.65,74.57,402.08,330.99,245.08,209.69,4.41,11.91,219.38,107.76,31.62,244.42
08-06-2025 01:55,168.03,283.89,150.9,305.16,837.94,1150.81,770.77,102.41,442.96,894.98,490.14,378.8,75.65,74.57,402.08,330.99,245.08,209.69,4.41,11.91,219.37,107.77,31.63,244.44
08-06-2025 02:00,168.03,283.89,150.9,305.16,837.95,1150.79,770.77,102.41,442.96,894.98,490.14,378.8,75.65,74.57,402.08,330.99,245.08,209.69,4.41,11.91,219.37,107.77,31.65,244.44
08-06-2025 02:05,168.02,283.89,150.9,305.16,837.94,1150.77,770.77,102.41,442.96,894.98,490.14,378.8,75.65,74.57,402.08,330.98,245.09,209.69,4.42,11.91,219.37,107.77,31.63,244.44
08-06-2025 02:10,168.02,283.89,150.92,305.16,837.98,1150.74,770.77,102.41,442.96,894.98,490.14,378.8,75.65,74.57,402.08,330.97,245.1,209.69,4.42,11.91,219.38,107.77,31.61,244.44
08-06-2025 02:15,168.02,283.89,150.9,305.16,838.01,1150.72,770.77,102.41,442.96,894.99,490.14,378.8,75.65,74.57,402.08,330.96,245.11,209.69,4.42,11.91,219.37,107.77,31.61,244.44
08-06-2025 02:20,168.01,283.89,150.91,305.16,838.0,1150.7,770.77,102.41,442.96,895.0,490.14,378.8,75.65,74.57,402.08,330.95,245.12,209.69,4.42,11.91,219.37,107.76,31.61,244.43
08-06-2025 02:25,168.02,283.89,150.91,305.16,838.06,1150.67,770.77,102.41,442.96,895.0,490.14,378.8,75.65,74.57,402.08,330.95,245.12,209.69,4.42,11.91,219.38,107.76,31.61,244.44
08-06-2025 02:30,168.02,283.89,150.91,305.16,838.06,1150.64,770.77,102.41,442.96,895.0,490.14,378.8,75.65,74.57,402.08,330.95,245.12,209.69,4.42,11.91,219.38,107.76,31.62,244.44
08-06-2025 02:35,168.02,283.89,150.91,305.16,838.06,1150.62,770.77,102.41,442.96,895.01,490.14,378.8,75.65,74.57,402.08,330.94,245.12,209.69,4.43,11.91,219.38,107.75,31.64,244.44
08-06-2025 02:40,168.03,283.89,150.9,305.16,838.08,1150.61,770.77,102.41,442.96,895.02,490.14,378.8,75.66,74.57,402.08,330.94,245.12,209.69,4.43,11.91,219.38,107.75,31.64,244.43
08-06-2025 02:45,168.03,283.89,150.9,305.16,838.08,1150.58,770.77,102.41,442.96,895.02,490.14,378.8,75.67,74.57,402.08,330.92,245.12,209.69,4.43,11.91,219.38,107.76,31.65,244.44
08-06-2025 02:50,168.03,283.89,150.9,305.16,838.08,1150.56,770.77,102.41,442.96,895.02,490.14,378.8,75.67,74.57,402.08,330.92,245.12,209.69,4.43,11.91,219.38,107.76,31.65,244.44
08-06-2025 02:55,168.02,283.89,150.9,305.16,838.08,1150.54,770.77,102.41,442.96,895.02,490.14,378.8,75.67,74.57,402.08,330.92,245.13,209.69,4.43,11.91,219.38,107.73,31.65,244.44
08-06-2025 03:00,168.03,283.89,150.91,305.16,838.08,1150.52,770.77,102.41,442.96,895.02,490.14,378.8,75.67,74.57,402.08,330.92,245.14,209.69,4.43,11.91,219.38,107.76,31.65,244.43
08-06-2025 03:05,168.04,283.89,150.9,305.16,838.08,1150.49,770.77,102.41,442.96,895.02,490.14,378.8,75.67,74.57,402.08,330.9,245.16,209.69,4.44,11.91,219.38,107.73,31.65,244.43
08-06-2025 03:10,168.03,283.89,150.9,305.16,838.08,1150.47,770.77,102.41,442.96,895.02,490.14,378.8,75.67,74.57,402.08,330.88,245.16,209.69,4.44,11.91,219.38,107.7,31.65,244.44
08-06-2025 03:15,168.02,283.89,150.9,305.16,838.08,1150.45,770.77,102.41,442.96,895.02,490.14,378.8,75.67,74.57,402.08,330.89,245.16,209.69,4.44,11.91,219.38,107.66,31.63,244.44
08-06-2025 03:20,168.03,283.89,150.91,305.16,838.08,1150.43,770.77,102.41,442.96,895.02,490.14,378.8,75.67,74.57,402.08,330.88,245.16,209.69,4.44,11.91,219.38,107.66,31.62,244.43
08-06-2025 03:25,168.03,283.89,150.91,305.16,838.08,1150.4,770.77,102.41,442.96,895.02,490.14,378.8,75.67,74.58,402.08,330.88,245.16,209.69,4.44,11.91,219.38,107.63,31.62,244.42
08-06-2025 03:30,168.03,283.89,150.92,305.16,838.08,1150.38,770.77,102.4,442.96,895.02,490.14,378.8,75.67,74.58,402.08,330.88,245.16,209.69,4.45,11.91,219.38,107.65,31.65,244.41
08-06-2025 03:35,168.03,283.89,150.91,305.16,838.08,1150.36,770.77,102.4,442.96,895.02,490.14,378.8,75.67,74.59,402.08,330.88,245.16,209.69,4.45,11.91,219.38,107.65,31.65,244.42
08-06-2025 03:40,168.03,283.89,150.91,305.16,838.08,1150.33,770.77,102.4,442.96,895.04,490.14,378.8,75.67,74.6,402.08,330.88,245.16,209.69,4.45,11.91,219.38,107.66,31.65,244.44
08-06-2025 03:45,168.03,283.89,150.91,305.16,838.08,1150.31,770.77,102.4,442.96,895.04,490.14,378.8,75.68,74.6,402.08,330.88,245.16,209.69,4.45,11.91,219.38,107.66,31.65,244.44
08-06-2025 03:50,168.04,283.89,150.91,305.16,838.08,1150.29,770.77,102.4,442.96,895.04,490.14,378.8,75.68,74.6,402.08,330.87,245.16,209.69,4.46,11.91,219.38,107.66,31.65,244.44
08-06-2025 03:55,168.04,283.89,150.91,305.16,838.08,1150.27,770.77,102.4,442.96,895.05,490.14,378.8,75.68,74.61,402.08,330.85,245.17,209.69,4.46,11.91,219.38,107.68,31.65,244.43
08-06-2025 04:00,168.04,283.89,150.91,305.16,838.08,1150.25,770.77,102.4,442.96,895.06,490.14,378.8,75.69,74.61,402.08,330.84,245.18,209.69,4.46,11.9,219.38,107.67,31.65,244.42
08-06-2025 04:05,168.03,283.89,150.91,305.16,838.09,1150.23,770.77,102.4,442.96,895.06,490.14,378.8,75.69,74.61,402.08,330.84,245.19,209.69,4.46,11.9,219.38,107.66,31.65,244.41
08-06-2025 04:10,168.02,283.89,150.91,305.16,838.08,1150.2,770.77,102.39,442.96,895.06,490.14,378.8,75.69,74.61,402.08,330.84,245.19,209.69,4.46,11.9,219.38,107.62,31.65,244.41
08-06-2025 04:15,168.04,283.89,150.91,305.16,838.12,1150.18,770.77,102.39,442.96,895.06,490.14,378.8,75.69,74.61,402.08,330.84,245.19,209.69,4.46,11.9,219.38,107.64,31.65,244.42
08-06-2025 04:20,168.04,283.74,150.9,305.16,838.14,1150.15,770.77,102.39,442.96,895.06,490.14,378.8,75.69,74.61,402.08,330.84,245.19,209.69,4.47,11.9,219.38,107.63,31.65,244.44
08-06-2025 04:25,168.03,283.89,150.91,305.16,838.12,1150.13,770.77,102.39,442.96,895.08,490.14,378.8,75.69,74.61,402.08,330.84,245.19,209.69,4.47,11.9,219.38,107.63,31.65,244.43
08-06-2025 04:30,168.03,283.89,150.92,305.16,838.19,1150.11,770.77,102.39,442.96,895.08,490.14,378.8,75.69,74.61,402.08,330.82,245.19,209.69,4.47,11.9,219.38,107.66,31.65,244.42
08-06-2025 04:35,168.03,283.89,150.92,305.16,838.19,1150.09,770.77,102.39,442.96,895.08,490.14,378.8,75.69,74.61,402.08,330.81,245.19,209.69,4.47,11.9,219.38,107.64,31.65,244.42
08-06-2025 04:40,168.02,283.89,150.9,305.16,838.2,1150.07,770.77,102.39,442.97,895.08,490.14,378.8,75.69,74.61,402.08,330.81,245.19,209.69,4.48,11.9,219.38,107.66,31.65,244.42
08-06-2025 04:45,168.05,283.89,150.91,305.16,838.22,1150.06,770.77,102.39,442.97,895.08,490.14,378.79,75.69,74.61,402.08,330.81,245.19,209.69,4.48,11.9,219.38,107.66,31.65,244.43
08-06-2025 04:50,168.04,283.89,150.91,305.16,838.22,1150.04,770.77,102.38,442.98,895.06,490.14,378.79,75.69,74.61,402.08,330.81,245.19,209.69,4.48,11.9,219.38,107.64,31.65,244.43
08-06-2025 04:55,168.02,283.89,150.9,305.16,838.22,1150.02,770.77,102.38,442.98,895.06,490.14,378.79,75.69,74.61,402.08,330.81,245.2,209.69,4.48,11.9,219.38,107.63,31.65,244.43
08-06-2025 05:00,168.03,283.89,150.9,305.16,838.22,1150.01,770.77,102.38,442.99,895.06,490.14,378.78,75.7,74.61,402.08,330.81,245.2,209.7,4.49,11.9,219.38,107.62,31.65,244.44
08-06-2025 05:05,168.03,283.89,150.91,305.16,838.22,1150.02,770.77,102.38,442.99,895.04,490.14,378.78,75.7,74.61,402.08,330.79,245.21,209.73,4.49,11.9,219.38,107.62,31.65,244.43
08-06-2025 05:10,168.04,283.89,150.9,305.16,838.22,1150.01,770.77,102.38,443.0,895.04,490.14,378.77,75.7,74.61,402.08,330.79,245.22,209.74,4.49,11.9,219.38,107.62,31.65,244.43
08-06-2025 05:15,168.04,283.89,150.9,305.16,838.22,1150.02,770.77,102.38,443.0,895.02,490.14,378.77,75.7,74.61,402.08,330.77,245.23,209.74,4.49,11.9,219.38,107.62,31.65,244.41
08-06-2025 05:20,168.04,283.89,150.9,305.16,838.22,1150.05,770.77,102.38,443.0,895.02,490.14,378.76,75.7,74.61,402.08,330.77,245.23,209.74,4.49,11.9,219.38,107.62,31.65,244.42
08-06-2025 05:25,168.04,283.89,150.9,305.16,838.22,1150.09,770.77,102.38,443.0,895.02,490.14,378.76,75.7,74.61,402.08,330.76,245.23,209.73,4.5,11.9,219.38,107.62,31.65,244.42
08-06-2025 05:30,168.04,283.89,150.9,305.16,838.21,1150.13,770.77,102.38,443.0,895.0,490.14,378.76,75.7,74.61,402.08,330.77,245.23,209.76,4.5,11.9,219.38,107.63,31.65,244.42
08-06-2025 05:35,168.03,283.89,150.9,305.16,838.16,1150.17,770.77,102.38,443.0,895.0,490.14,378.76,75.7,74.61,402.08,330.74,245.23,209.82,4.5,11.9,219.38,107.62,31.65,244.42
08-06-2025 05:40,168.03,283.89,150.9,305.16,838.16,1150.21,770.77,102.38,443.0,894.98,490.14,378.76,75.7,74.61,402.08,330.75,245.23,209.82,4.5,11.9,219.38,107.62,31.68,244.44
08-06-2025 05:45,168.04,283.89,150.9,305.16,838.1,1150.25,770.76,102.38,443.0,894.98,490.14,378.76,75.7,74.61,402.08,330.75,245.23,209.82,4.5,11.9,219.38,107.59,31.69,244.45
08-06-2025 05:50,168.03,283.89,150.9,305.16,838.08,1150.29,770.76,102.38,443.0,894.98,490.14,378.76,75.7,74.61,402.08,330.75,245.23,209.83,4.51,11.9,219.38,107.62,31.69,244.45
08-06-2025 05:55,168.03,283.74,150.89,305.16,838.08,1150.33,770.75,102.38,442.98,894.97,490.14,378.76,75.71,74.61,402.08,330.76,245.23,209.83,4.51,11.9,219.38,107.62,31.69,244.45
08-06-2025 06:00,168.02,283.89,150.9,305.16,838.08,1150.37,770.76,102.38,442.96,894.96,490.14,378.76,75.71,74.62,402.08,330.77,245.23,209.83,4.51,11.9,219.38,107.62,31.7,244.45
08-06-2025 06:05,168.03,283.89,150.89,305.16,838.08,1150.41,770.75,102.38,442.94,894.95,490.14,378.76,75.71,74.61,402.08,330.77,245.23,209.83,4.51,11.9,219.38,107.63,31.7,244.45
08-06-2025 06:10,168.02,283.89,150.89,305.16,838.08,1150.45,770.75,102.38,442.92,894.95,490.14,378.76,75.72,74.61,402.08,330.77,245.24,209.83,4.51,11.9,219.38,107.62,31.69,244.45
08-06-2025 06:15,168.01,283.89,150.9,305.16,838.08,1150.49,770.74,102.39,442.89,894.95,490.14,378.76,75.72,74.61,402.08,330.77,245.24,209.84,4.52,11.9,219.38,107.62,31.69,244.45
08-06-2025 06:20,168.02,283.89,150.9,305.16,838.08,1150.53,770.73,102.39,442.89,894.94,490.14,378.76,75.72,74.63,402.08,330.78,245.25,209.84,4.52,11.9,219.38,107.62,31.69,244.45
08-06-2025 06:25,168.01,283.74,150.9,305.16,838.08,1150.57,770.73,102.39,442.89,894.93,490.14,378.76,75.72,74.61,402.08,330.8,245.26,209.84,4.52,11.9,219.38,107.62,31.67,244.45
08-06-2025 06:30,168.01,283.89,150.9,305.16,838.08,1150.61,770.74,102.39,442.89,894.92,490.14,378.76,75.72,74.62,402.08,330.81,245.27,209.84,4.52,11.9,219.38,107.62,31.65,244.45
08-06-2025 06:35,168.01,283.89,150.89,305.16,838.08,1150.65,770.73,102.39,442.89,894.91,490.14,378.76,75.72,74.62,402.08,330.81,245.27,209.84,4.53,11.9,219.38,107.64,31.65,244.42
08-06-2025 06:40,168.01,283.89,150.89,305.16,838.06,1150.69,770.74,102.39,442.89,894.91,490.14,378.76,75.72,74.63,402.08,330.81,245.27,209.84,4.53,11.9,219.38,107.64,31.65,244.43
08-06-2025 06:45,168.01,283.89,150.89,305.16,838.05,1150.73,770.72,102.39,442.89,894.91,490.14,378.76,75.72,74.63,402.08,330.81,245.27,209.84,4.53,11.9,219.38,107.65,31.66,244.45
08-06-2025 06:50,168.0,283.89,150.89,305.16,838.03,1150.77,770.7,102.39,442.89,894.91,490.15,378.76,75.72,74.63,402.07,330.81,245.27,209.84,4.53,11.9,219.38,107.64,31.68,244.45
08-06-2025 06:55,167.99,283.89,150.89,305.16,837.95,1150.81,770.7,102.39,442.89,894.91,490.14,378.76,75.72,74.64,402.07,330.81,245.27,209.84,4.53,11.9,219.38,107.64,31.69,244.45
08-06-2025 07:00,167.99,283.74,150.89,305.16,837.93,1150.85,770.7,102.39,442.89,894.91,490.14,378.76,75.72,74.64,402.07,330.81,245.27,209.84,4.53,11.9,219.38,107.64,31.69,244.45
08-06-2025 07:05,167.99,283.74,150.89,305.16,837.93,1150.89,770.7,102.39,442.86,894.91,490.15,378.76,75.72,74.64,402.07,330.83,245.27,209.84,4.54,11.9,219.38,107.64,31.69,244.45
08-06-2025 07:10,167.98,283.74,150.89,305.16,837.93,1150.93,770.69,102.39,442.85,894.91,490.15,378.76,75.72,74.64,402.07,330.84,245.27,209.84,4.55,11.9,219.38,107.66,31.69,244.45
08-06-2025 07:15,167.98,283.89,150.89,305.16,837.93,1150.96,770.71,102.39,442.85,894.92,490.16,378.76,75.72,74.65,402.07,330.84,245.28,209.84,4.55,11.9,219.38,107.65,31.69,244.45
08-06-2025 07:20,167.97,283.74,150.89,305.16,837.93,1151.0,770.71,102.4,442.82,894.93,490.14,378.76,75.72,74.68,402.07,330.84,245.3,209.84,4.56,11.9,219.38,107.65,31.67,244.45
08-06-2025 07:25,167.97,283.74,150.89,305.16,837.93,1151.04,770.7,102.39,442.82,894.93,490.14,378.76,75.73,74.68,402.07,330.84,245.3,209.84,4.57,11.9,219.38,107.68,31.65,244.45
08-06-2025 07:30,167.97,283.74,150.89,305.16,837.93,1151.08,770.71,102.39,442.82,894.93,490.14,378.76,75.74,74.68,402.07,330.84,245.31,209.84,4.57,11.9,219.38,107.62,31.65,244.45
08-06-2025 07:35,167.97,283.74,150.89,305.16,837.93,1151.13,770.71,102.4,442.82,894.95,490.14,378.76,75.76,74.68,402.07,330.84,245.32,209.84,4.58,11.9,219.38,107.66,31.65,244.45
08-06-2025 07:40,167.97,283.74,150.89,305.16,837.93,1151.16,770.72,102.4,442.82,894.95,490.14,378.76,75.76,74.68,402.07,330.84,245.34,209.84,4.58,11.9,219.38,107.64,31.65,244.45
08-06-2025 07:45,167.97,283.74,150.89,305.16,837.93,1151.2,770.71,102.39,442.82,894.95,490.14,378.75,75.78,74.68,402.07,330.85,245.34,209.84,4.59,11.9,219.38,107.64,31.65,244.44
08-06-2025 07:50,167.97,283.74,150.89,305.16,837.92,1151.24,770.7,102.39,442.82,894.95,490.14,378.75,75.79,74.68,402.07,330.87,245.35,209.84,4.6,11.9,219.38,107.69,31.65,244.42
08-06-2025 07:55,167.97,283.74,150.89,305.16,837.91,1151.28,770.71,102.4,442.82,894.95,490.15,378.75,75.8,74.7,402.07,330.88,245.37,209.84,4.6,11.9,219.38,107.69,31.65,244.41
08-06-2025 08:00,167.97,283.74,150.89,305.16,837.9,1151.32,770.71,102.4,442.82,894.95,490.16,378.74,75.8,74.72,402.07,330.88,245.38,209.84,4.61,11.9,219.38,107.71,31.65,244.41
08-06-2025 08:05,167.97,283.74,150.89,305.16,837.82,1151.36,770.69,102.4,442.82,894.97,490.16,378.74,75.81,74.72,402.07,330.88,245.38,209.84,4.62,11.9,219.38,107.72,31.66,244.41
08-06-2025 08:10,167.97,283.74,150.89,305.16,837.81,1151.4,770.65,102.4,442.82,894.97,490.15,378.73,75.82,74.74,402.07,330.88,245.39,209.84,4.62,11.9,219.38,107.72,31.66,244.41
08-06-2025 08:15,167.97,283.74,150.89,305.16,837.79,1151.44,770.67,102.4,442.85,894.97,490.16,378.73,75.82,74.76,402.07,330.88,245.41,209.84,4.63,11.9,219.38,107.75,31.65,244.41
08-06-2025 08:20,167.97,283.59,150.89,305.16,837.78,1151.47,770.67,102.4,442.86,894.98,490.15,378.73,75.83,74.76,402.07,330.88,245.42,209.84,4.63,11.9,219.38,107.74,31.65,244.42
08-06-2025 08:25,167.97,283.59,150.89,305.16,837.78,1151.52,770.66,102.4,442.89,894.98,490.16,378.73,75.84,74.76,402.07,330.88,245.42,209.84,4.64,11.9,219.38,107.72,31.65,244.45
08-06-2025 08:30,167.97,283.59,150.89,305.16,837.78,1151.55,770.67,102.4,442.91,894.98,490.15,378.73,75.85,74.76,402.07,330.88,245.44,209.84,4.64,11.9,219.38,107.74,31.65,244.44
08-06-2025 08:35,167.97,283.59,150.89,305.16,837.78,1151.59,770.72,102.4,442.93,894.98,490.15,378.73,75.86,74.77,402.07,330.88,245.45,209.84,4.65,11.9,219.38,107.74,31.65,244.45
08-06-2025 08:40,167.97,283.59,150.89,305.16,837.78,1151.63,770.71,102.39,442.96,894.99,490.15,378.73,75.87,74.79,402.07,330.89,245.45,209.84,4.65,11.9,219.38,107.72,31.65,244.45
08-06-2025 08:45,167.97,283.59,150.89,305.16,837.78,1151.67,770.71,102.4,442.96,895.0,490.15,378.73,75.87,74.79,402.07,330.91,245.45,209.84,4.66,11.9,219.38,107.71,31.65,244.45
08-06-2025 08:50,167.97,283.59,150.89,305.16,837.78,1151.71,770.72,102.39,443.0,895.0,490.15,378.73,75.87,74.79,402.07,330.92,245.46,209.84,4.66,11.9,219.38,107.69,31.65,244.44
08-06-2025 08:55,167.97,283.59,150.89,305.16,837.78,1151.75,770.72,102.39,443.0,895.0,490.15,378.73,75.88,74.79,402.07,330.92,245.48,209.84,4.67,11.9,219.38,107.76,31.65,244.45
08-06-2025 09:00,167.97,283.59,150.89,305.16,837.78,1151.79,770.72,102.4,443.02,895.01,490.17,378.73,75.89,74.81,402.07,330.92,245.49,209.84,4.67,11.9,219.38,107.76,31.65,244.45
08-06-2025 09:05,167.97,283.59,150.89,305.16,837.77,1151.84,770.72,102.39,443.04,895.02,490.16,378.73,75.89,74.83,402.07,330.92,245.49,209.84,4.68,11.9,219.38,107.76,31.65,244.45
08-06-2025 09:10,167.97,283.59,150.89,305.16,837.72,1151.9,770.72,102.39,443.04,895.02,490.16,378.73,75.9,74.83,402.07,330.92,245.49,209.84,4.68,11.9,219.38,107.68,31.65,244.45
08-06-2025 09:15,167.97,283.59,150.89,305.16,837.66,1151.96,770.72,102.39,443.05,895.02,490.16,378.73,75.91,74.83,402.07,330.92,245.51,209.84,4.69,11.9,219.38,107.71,31.65,244.45
08-06-2025 09:20,167.97,283.59,150.89,305.16,837.64,1152.01,770.73,102.39,443.08,895.02,490.16,378.73,75.91,74.83,402.07,330.94,245.53,209.84,4.69,11.9,219.38,107.73,31.65,244.45
08-06-2025 09:25,167.97,283.59,150.89,305.16,837.63,1152.07,770.74,102.38,443.08,895.02,490.16,378.73,75.92,74.83,402.07,330.95,245.53,209.84,4.7,11.9,219.38,107.72,31.65,244.45
08-06-2025 09:30,167.97,283.59,150.89,305.16,837.63,1152.13,770.73,102.38,443.08,895.04,490.16,378.73,75.92,74.83,402.07,330.95,245.53,209.84,4.7,11.9,219.38,107.64,31.65,244.45
08-06-2025 09:35,167.97,283.59,150.89,305.16,837.63,1152.19,770.72,102.38,443.08,895.04,490.16,378.73,75.93,74.85,402.07,330.95,245.53,209.85,4.71,11.9,219.38,107.71,31.64,244.45
08-06-2025 09:40,167.97,283.59,150.89,305.16,837.63,1152.25,770.73,102.38,443.08,895.04,490.16,378.73,75.93,74.86,402.07,330.95,245.55,209.84,4.71,11.9,219.38,107.75,31.62,244.45
08-06-2025 09:45,167.97,283.59,150.89,305.16,837.63,1152.31,770.73,102.38,443.06,895.05,490.16,378.72,75.94,74.87,402.07,330.95,245.56,209.84,4.72,11.9,219.38,107.75,31.62,244.45
08-06-2025 09:50,167.97,283.59,150.89,305.16,837.63,1152.36,770.74,102.38,443.04,895.06,490.15,378.71,75.94,74.87,402.07,330.96,245.56,209.84,4.72,11.9,219.38,107.75,31.61,244.45
08-06-2025 09:55,167.97,283.59,150.89,305.16,837.58,1152.42,770.74,102.38,443.04,895.06,490.18,378.7,75.95,74.87,402.07,330.98,245.56,209.84,4.73,11.9,219.38,107.77,31.61,244.45
08-06-2025 10:00,167.96,283.59,150.89,305.16,837.51,1152.48,770.75,102.38,443.03,895.06,490.17,378.7,75.96,74.87,402.07,330.99,245.59,209.84,4.73,11.9,219.38,107.77,31.62,244.45
08-06-2025 10:05,167.96,283.59,150.89,305.16,837.49,1152.53,770.74,102.38,443.0,895.06,490.17,378.69,75.96,74.87,402.07,330.99,245.6,209.86,4.74,11.9,219.38,107.69,31.63,244.45
08-06-2025 10:10,167.94,283.59,150.89,305.16,837.49,1152.59,770.74,102.38,443.0,895.06,490.17,378.69,75.96,74.89,402.06,330.99,245.6,209.86,4.74,11.9,219.38,107.72,31.64,244.45
08-06-2025 10:15,167.92,283.59,150.89,305.16,837.49,1152.65,770.74,102.38,443.0,895.07,490.18,378.69,75.97,74.9,402.06,330.99,245.6,209.86,4.75,11.9,219.38,107.69,31.65,244.45
08-06-2025 10:20,167.88,283.59,150.89,305.16,837.49,1152.7,770.74,102.38,442.97,895.08,490.17,378.69,75.97,74.9,402.06,330.99,245.6,209.86,4.75,11.9,219.38,107.75,31.64,244.45
08-06-2025 10:25,167.87,283.59,150.89,305.16,837.49,1152.77,770.74,102.38,442.96,895.08,490.18,378.69,75.98,74.9,402.06,330.99,245.61,209.86,4.76,11.9,219.38,107.77,31.64,244.45
08-06-2025 10:30,167.84,283.59,150.89,305.16,837.49,1152.82,770.74,102.38,442.96,895.08,490.19,378.69,75.98,74.9,402.06,330.99,245.63,209.86,4.76,11.9,219.38,107.77,31.63,244.45
08-06-2025 10:35,167.83,283.59,150.89,305.16,837.47,1152.88,770.76,102.38,442.96,895.09,490.18,378.69,75.99,74.9,402.06,331.0,245.64,209.86,4.77,11.9,219.38,107.77,31.61,244.45
08-06-2025 10:40,167.84,283.59,150.89,305.16,837.42,1152.94,770.76,102.38,442.96,895.1,490.16,378.69,76.0,74.9,402.06,331.01,245.64,209.85,4.77,11.9,219.38,107.77,31.61,244.45
08-06-2025 10:45,167.83,283.59,150.89,305.16,837.37,1152.99,770.76,102.38,442.94,895.1,490.19,378.69,76.0,74.9,402.06,331.02,245.64,209.85,4.78,11.9,219.38,107.74,31.61,244.45
08-06-2025 10:50,167.83,283.59,150.89,305.16,837.34,1153.05,770.77,102.38,442.93,895.1,490.17,378.69,76.0,74.92,402.06,331.03,245.66,209.85,4.78,11.9,219.38,107.74,31.61,244.45
08-06-2025 10:55,167.83,283.59,150.89,305.16,837.34,1153.1,770.76,102.38,442.93,895.1,490.19,378.69,76.01,74.94,402.06,331.03,245.67,209.88,4.78,11.9,219.38,107.71,31.59,244.45
08-06-2025 11:00,167.84,283.59,150.89,305.16,837.34,1153.16,770.76,102.38,442.93,895.1,490.16,378.69,76.02,74.94,402.06,331.03,245.67,209.87,4.79,11.9,219.38,107.68,31.58,244.45
08-06-2025 11:05,167.86,283.59,150.89,305.16,837.34,1153.22,770.76,102.38,442.94,895.11,490.18,378.69,76.02,74.94,402.06,331.03,245.67,209.88,4.79,11.9,219.38,107.64,31.57,244.45
08-06-2025 11:10,167.88,283.59,150.89,305.16,837.34,1153.28,770.76,102.38,442.96,895.11,490.19,378.69,76.02,74.94,402.06,331.03,245.67,209.87,4.8,11.9,219.38,107.7,31.58,244.45
08-06-2025 11:15,167.88,283.59,150.89,305.16,837.34,1153.33,770.76,102.38,442.96,895.11,490.19,378.69,76.03,74.94,402.06,331.03,245.68,209.87,4.8,11.9,219.38,107.74,31.57,244.45
08-06-2025 11:20,167.92,283.59,150.89,305.16,837.34,1153.39,770.76,102.38,442.96,895.12,490.19,378.69,76.04,74.94,402.06,331.03,245.69,209.87,4.81,11.9,219.38,107.74,31.57,244.45
08-06-2025 11:25,167.94,283.59,150.89,305.16,837.32,1153.45,770.76,102.38,442.96,895.13,490.19,378.69,76.04,74.94,402.06,331.05,245.69,209.87,4.81,11.9,219.38,107.75,31.55,244.45
08-06-2025 11:30,167.95,283.59,150.89,305.16,837.25,1153.5,770.76,102.38,442.96,895.13,490.18,378.69,76.04,74.96,402.06,331.06,245.71,209.86,4.82,11.9,219.38,107.76,31.57,244.45
08-06-2025 11:35,167.96,283.59,150.89,305.16,837.2,1153.56,770.76,102.38,442.96,895.13,490.2,378.69,76.04,74.97,402.06,331.06,245.71,209.86,4.82,11.9,219.38,107.74,31.57,244.45
08-06-2025 11:40,167.96,283.59,150.89,305.16,837.19,1153.61,770.76,102.38,442.97,895.13,490.2,378.69,76.05,74.98,402.06,331.06,245.71,209.88,4.83,11.9,219.38,107.71,31.58,244.45
08-06-2025 11:45,167.96,283.59,150.89,305.16,837.19,1153.67,770.77,102.38,442.99,895.13,490.2,378.69,76.06,74.98,402.06,331.06,245.71,209.92,4.83,11.9,219.38,107.64,31.54,244.45
08-06-2025 11:50,167.96,283.59,150.89,305.16,837.19,1153.73,770.76,102.38,443.0,895.15,490.24,378.69,76.06,74.98,402.06,331.06,245.71,209.9,4.84,11.9,219.38,107.62,31.54,244.45
08-06-2025 11:55,167.94,283.59,150.89,305.16,837.19,1153.78,770.76,102.38,443.0,895.15,490.26,378.69,76.06,74.98,402.06,331.06,245.71,209.91,4.84,11.9,219.38,107.63,31.54,244.45
08-06-2025 12:00,167.94,283.59,150.89,305.16,837.18,1153.84,770.76,102.38,443.0,895.15,490.24,378.68,76.06,74.98,402.06,331.06,245.71,209.91,4.84,11.9,219.38,107.65,31.54,244.45
08-06-2025 12:05,167.92,283.59,150.89,305.16,837.15,1153.89,770.77,102.38,443.0,895.15,490.2,378.68,76.08,74.99,402.06,331.07,245.71,209.94,4.85,11.9,219.38,107.71,31.52,244.45
08-06-2025 12:10,167.88,283.59,150.89,305.16,837.07,1153.95,770.77,102.37,443.0,895.15,490.22,378.67,76.08,75.01,402.06,331.09,245.71,209.94,4.85,11.9,219.38,107.74,31.5,244.45
08-06-2025 12:15,167.85,283.59,150.89,305.16,837.04,1154.01,770.76,102.37,443.0,895.15,490.22,378.67,76.08,75.01,402.06,331.1,245.71,209.95,4.86,11.9,219.38,107.72,31.51,244.45
08-06-2025 12:20,167.84,283.59,150.89,305.16,837.04,1154.06,770.77,102.37,443.03,895.15,490.23,378.67,76.08,75.01,402.06,331.1,245.71,209.93,4.86,11.9,219.38,107.75,31.52,244.45
08-06-2025 12:25,167.83,283.59,150.89,305.16,837.04,1154.12,770.76,102.37,443.04,895.15,490.21,378.66,76.09,75.01,402.06,331.1,245.71,209.95,4.86,11.9,219.38,107.74,31.54,244.45
08-06-2025 12:30,167.82,283.59,150.89,305.16,837.04,1154.17,770.76,102.36,443.04,895.15,490.21,378.65,76.09,75.01,402.06,331.1,245.71,209.94,4.87,11.9,219.38,107.74,31.54,244.45
08-06-2025 12:35,167.82,283.59,150.89,305.16,837.04,1154.23,770.76,102.36,443.04,895.15,490.21,378.65,76.09,75.01,402.06,331.1,245.71,209.95,4.87,11.9,219.38,107.69,31.54,244.45
08-06-2025 12:40,167.82,283.59,150.89,305.16,837.04,1154.29,770.76,102.35,443.04,895.15,490.23,378.65,76.1,75.01,402.06,331.1,245.71,209.93,4.88,11.9,219.38,107.7,31.54,244.45
08-06-2025 12:45,167.82,283.59,150.89,305.16,837.03,1154.34,770.77,102.35,443.04,895.16,490.24,378.65,76.11,75.01,402.06,331.1,245.71,209.96,4.88,11.9,219.38,107.69,31.54,244.45
08-06-2025 12:50,167.82,283.59,150.89,305.16,837.0,1154.4,770.76,102.35,443.04,895.17,490.18,378.65,76.11,75.02,402.06,331.1,245.71,209.96,4.88,11.9,219.38,107.63,31.54,244.45
08-06-2025 12:55,167.82,283.59,150.89,305.16,836.92,1154.45,770.77,102.35,443.04,895.17,490.18,378.65,76.11,75.03,402.06,331.12,245.71,209.97,4.89,11.9,219.38,107.68,31.54,244.45
08-06-2025 13:00,167.82,283.59,150.89,305.16,836.9,1154.5,770.77,102.35,443.04,895.17,490.21,378.65,76.12,75.04,402.06,331.13,245.71,209.97,4.89,11.9,219.38,107.75,31.54,244.45
08-06-2025 13:05,167.82,283.59,150.89,305.16,836.9,1154.56,770.77,102.35,443.04,895.17,490.21,378.65,76.13,75.05,402.06,331.14,245.71,209.97,4.89,11.9,219.38,107.72,31.52,244.45
08-06-2025 13:10,167.82,283.59,150.89,305.16,836.9,1154.61,770.77,102.35,443.04,895.17,490.23,378.65,76.13,75.05,402.06,331.14,245.71,209.96,4.89,11.9,219.38,107.73,31.51,244.45
08-06-2025 13:15,167.82,283.59,150.89,305.16,836.9,1154.67,770.76,102.35,443.04,895.18,490.24,378.64,76.13,75.05,402.06,331.14,245.71,209.97,4.9,11.9,219.38,107.72,31.5,244.45
08-06-2025 13:20,167.82,283.59,150.89,305.16,836.9,1154.72,770.76,102.35,443.04,895.19,490.26,378.62,76.13,75.05,402.06,331.14,245.71,209.98,4.9,11.9,219.38,107.69,31.5,244.45
08-06-2025 13:25,167.82,283.59,150.89,305.16,836.89,1154.78,770.76,102.36,443.04,895.19,490.28,378.58,76.14,75.05,402.06,331.14,245.7,209.97,4.9,11.9,219.38,107.68,31.5,244.45
08-06-2025 13:30,167.82,283.59,150.89,305.16,836.88,1154.83,770.76,102.36,443.04,895.19,490.29,378.56,76.15,75.05,402.06,331.14,245.7,209.98,4.9,11.9,219.38,107.66,31.5,244.45
08-06-2025 13:35,167.82,283.59,150.89,305.16,836.84,1154.89,770.76,102.37,443.04,895.2,490.29,378.54,76.15,75.06,402.06,331.14,245.71,209.97,4.91,11.9,219.38,107.66,31.52,244.45
08-06-2025 13:40,167.82,283.59,150.89,305.16,836.76,1154.94,770.77,102.37,443.03,895.21,490.29,378.52,76.15,75.08,402.06,331.14,245.7,209.97,4.91,11.9,219.38,107.65,31.54,244.44
08-06-2025 13:45,167.82,283.59,150.89,305.16,836.75,1155.0,770.77,102.37,443.02,895.21,490.29,378.5,76.15,75.09,402.06,331.14,245.68,209.98,4.91,11.9,219.38,107.65,31.53,244.41
08-06-2025 13:50,167.82,283.59,150.89,305.16,836.75,1155.05,770.76,102.38,443.01,895.21,490.29,378.47,76.17,75.09,402.06,331.15,245.68,209.98,4.92,11.9,219.38,107.68,31.54,244.43
08-06-2025 13:55,167.82,283.59,150.89,305.16,836.75,1155.1,770.76,102.38,443.0,895.21,490.29,378.44,76.17,75.09,402.06,331.16,245.68,209.98,4.92,11.9,219.38,107.69,31.53,244.42
08-06-2025 14:00,167.82,283.59,150.89,305.16,836.75,1155.16,770.76,102.38,443.0,895.21,490.29,378.42,76.17,75.09,402.06,331.17,245.68,209.98,4.92,11.9,219.38,107.72,31.52,244.41
08-06-2025 14:05,167.82,283.59,150.89,305.16,836.75,1155.22,770.76,102.38,443.0,895.22,490.29,378.39,76.18,75.09,402.06,331.18,245.68,209.98,4.92,11.9,219.38,107.72,31.5,244.41
08-06-2025 14:10,167.82,283.59,150.89,305.16,836.75,1155.27,770.76,102.38,443.0,895.22,490.29,378.37,76.18,75.09,402.06,331.18,245.68,209.98,4.92,11.9,219.38,107.7,31.5,244.42
08-06-2025 14:15,167.82,283.59,150.89,305.16,836.74,1155.32,770.77,102.38,443.0,895.22,490.29,378.34,76.18,75.09,402.06,331.18,245.67,209.98,4.92,11.9,219.38,107.68,31.5,244.44
08-06-2025 14:20,167.82,283.59,150.89,305.16,836.67,1155.38,770.76,102.38,443.0,895.22,490.29,378.32,76.19,75.11,402.06,331.18,245.67,209.98,4.92,11.9,219.38,107.68,31.5,244.44
08-06-2025 14:25,167.82,283.59,150.89,305.16,836.62,1155.43,770.76,102.38,443.0,895.24,490.29,378.29,76.19,75.12,402.06,331.18,245.67,209.98,4.92,11.9,219.38,107.65,31.5,244.42
08-06-2025 14:30,167.82,283.59,150.89,305.16,836.6,1155.49,770.76,102.38,443.0,895.24,490.32,378.26,76.19,75.12,402.06,331.18,245.67,209.98,4.93,11.9,219.39,107.65,31.5,244.42
08-06-2025 14:35,167.82,283.59,150.89,305.16,836.6,1155.54,770.76,102.38,443.0,895.24,490.36,378.24,76.2,75.12,402.06,331.18,245.67,209.98,4.93,11.9,219.39,107.67,31.5,244.41
08-06-2025 14:40,167.82,283.59,150.89,305.16,836.6,1155.59,770.76,102.38,443.0,895.24,490.37,378.21,76.2,75.12,402.06,331.18,245.67,209.98,4.93,11.9,219.4,107.74,31.5,244.41
08-06-2025 14:45,167.82,283.59,150.89,305.16,836.6,1155.64,770.76,102.38,443.0,895.24,490.4,378.18,76.2,75.12,402.06,331.18,245.67,209.98,4.93,11.9,219.41,107.73,31.5,244.41
08-06-2025 14:50,167.82,283.59,150.89,305.16,836.6,1155.7,770.76,102.38,443.0,895.24,490.44,378.17,76.22,75.12,402.06,331.19,245.67,209.98,4.93,11.9,219.41,107.74,31.5,244.41
08-06-2025 14:55,167.82,283.59,150.89,305.16,836.59,1155.75,770.76,102.38,443.0,895.24,490.44,378.14,76.22,75.12,402.06,331.2,245.67,209.98,4.93,11.9,219.41,107.76,31.5,244.41
08-06-2025 15:00,167.82,283.59,150.89,305.16,836.52,1155.8,770.76,102.38,442.99,895.24,490.44,378.1,76.22,75.14,402.06,331.21,245.67,209.98,4.93,11.9,219.41,107.73,31.5,244.41
08-06-2025 15:05,167.82,283.59,150.89,305.16,836.46,1155.86,770.76,102.38,442.98,895.24,490.44,378.09,76.22,75.15,402.06,331.21,245.67,209.98,4.93,11.9,219.43,107.69,31.5,244.41
08-06-2025 15:10,167.82,283.59,150.89,305.16,836.45,1155.91,770.77,102.38,442.97,895.24,490.44,378.06,76.22,75.16,402.06,331.21,245.67,209.98,4.93,11.9,219.43,107.67,31.5,244.41
08-06-2025 15:15,167.82,283.59,150.89,305.16,836.45,1155.97,770.76,102.38,442.96,895.24,490.44,378.03,76.23,75.16,402.06,331.21,245.67,209.98,4.93,11.9,219.41,107.66,31.5,244.41
08-06-2025 15:20,167.82,283.59,150.89,305.16,836.45,1156.02,770.76,102.38,442.96,895.24,490.44,378.01,76.24,75.16,402.05,331.21,245.67,209.98,4.93,11.9,219.41,107.66,31.5,244.41
08-06-2025 15:25,167.82,283.59,150.89,305.16,836.45,1156.07,770.74,102.38,442.96,895.24,490.44,377.98,76.24,75.16,402.05,331.21,245.67,209.98,4.93,11.9,219.44,107.68,31.5,244.41
08-06-2025 15:30,167.82,283.59,150.89,305.16,836.45,1156.13,770.73,102.38,442.96,895.26,490.44,377.95,76.24,75.16,402.05,331.23,245.67,209.98,4.93,11.9,219.45,107.71,31.5,244.41
08-06-2025 15:35,167.82,283.59,150.89,305.16,836.45,1156.18,770.74,102.38,442.96,895.26,490.44,377.94,76.25,75.15,402.05,331.25,245.67,209.98,4.93,11.9,219.43,107.7,31.5,244.43
08-06-2025 15:40,167.82,283.59,150.89,305.16,836.42,1156.23,770.73,102.38,442.96,895.26,490.44,377.91,76.26,75.12,402.05,331.25,245.67,209.98,4.93,11.9,219.44,107.71,31.5,244.43
08-06-2025 15:45,167.82,283.59,150.89,305.16,836.36,1156.28,770.73,102.38,442.96,895.27,490.44,377.88,76.26,75.12,402.05,331.25,245.67,209.98,4.93,11.9,219.42,107.71,31.5,244.43
08-06-2025 15:50,167.82,283.59,150.89,305.16,836.31,1156.34,770.74,102.38,442.96,895.28,490.44,377.89,76.26,75.12,402.05,331.25,245.67,209.98,4.93,11.9,219.44,107.69,31.5,244.44
08-06-2025 15:55,167.82,283.59,150.89,305.16,836.3,1156.39,770.73,102.38,442.97,895.28,490.44,377.88,76.24,75.11,402.05,331.25,245.67,209.98,4.94,11.9,219.44,107.66,31.5,244.43
08-06-2025 16:00,167.82,283.59,150.89,305.16,836.3,1156.44,770.72,102.38,442.98,895.28,490.44,377.88,76.22,75.09,402.05,331.25,245.67,209.98,4.94,11.9,219.42,107.67,31.5,244.42
08-06-2025 16:05,167.82,283.59,150.89,305.16,836.3,1156.49,770.73,102.38,443.0,895.28,490.44,377.88,76.2,75.1,402.05,331.25,245.67,209.98,4.91,11.9,219.4,107.65,31.5,244.43
08-06-2025 16:10,167.82,283.59,150.89,305.16,836.3,1156.55,770.73,102.38,443.0,895.28,490.44,377.88,76.18,75.1,402.05,331.25,245.67,209.98,4.89,11.9,219.4,107.64,31.5,244.42
08-06-2025 16:15,167.82,283.59,150.89,305.16,836.29,1156.6,770.72,102.38,443.0,895.28,490.44,377.88,76.18,75.09,402.05,331.27,245.67,209.98,4.87,11.89,219.4,107.68,31.5,244.44
08-06-2025 16:20,167.82,283.59,150.89,305.16,836.23,1156.65,770.71,102.38,443.0,895.3,490.44,377.88,76.17,75.07,402.05,331.28,245.66,209.98,4.84,11.89,219.4,107.69,31.48,244.44
08-06-2025 16:25,167.82,283.59,150.89,305.16,836.17,1156.71,770.71,102.38,443.0,895.3,490.44,377.88,76.16,75.05,402.05,331.29,245.66,209.98,4.82,11.89,219.4,107.71,31.49,244.43
08-06-2025 16:30,167.82,283.59,150.89,305.16,836.16,1156.76,770.73,102.38,443.04,895.3,490.44,377.88,76.15,75.05,402.05,331.29,245.66,209.98,4.8,11.89,219.43,107.72,31.47,244.43
08-06-2025 16:35,167.82,283.59,150.89,305.16,836.16,1156.81,770.72,102.38,443.04,895.3,490.44,377.88,76.14,75.02,402.05,331.29,245.65,209.98,4.78,11.89,219.41,107.73,31.46,244.43
08-06-2025 16:40,167.82,283.59,150.89,305.16,836.16,1156.86,770.72,102.38,443.07,895.31,490.44,377.88,76.13,75.01,402.05,331.29,245.64,209.98,4.75,11.89,219.4,107.72,31.47,244.41
08-06-2025 16:45,167.82,283.74,150.89,305.16,836.16,1156.92,770.7,102.38,443.08,895.32,490.44,377.88,76.11,75.01,402.05,331.29,245.64,209.98,4.73,11.89,219.41,107.71,31.48,244.41
08-06-2025 16:50,167.82,283.59,150.89,305.16,836.16,1156.97,770.69,102.38,443.11,895.32,490.44,377.88,76.11,75.01,402.05,331.29,245.64,209.98,4.7,11.89,219.43,107.68,31.47,244.41
08-06-2025 16:55,167.82,283.74,150.89,305.16,836.16,1157.02,770.68,102.38,443.12,895.32,490.44,377.88,76.09,75.01,402.05,331.31,245.65,209.98,4.68,11.89,219.41,107.76,31.47,244.42
08-06-2025 17:00,167.82,283.59,150.89,305.16,836.16,1157.07,770.67,102.38,443.15,895.31,490.44,377.88,76.08,74.98,402.05,331.32,245.64,209.98,4.66,11.89,219.4,107.77,31.49,244.41
08-06-2025 17:05,167.82,283.74,150.89,305.16,836.16,1157.12,770.68,102.38,443.15,895.3,490.44,377.88,76.07,74.98,402.05,331.32,245.65,209.98,4.66,11.89,219.4,107.77,31.49,244.42
08-06-2025 17:10,167.82,283.74,150.89,305.16,836.16,1157.17,770.65,102.38,443.12,895.29,490.44,377.88,76.06,74.97,402.05,331.32,245.64,209.98,4.65,11.89,219.42,107.77,31.48,244.42
08-06-2025 17:15,167.83,283.59,150.89,305.16,836.16,1157.23,770.63,102.38,443.06,895.28,490.45,377.88,76.05,74.94,402.05,331.32,245.64,209.98,4.65,11.89,219.4,107.77,31.48,244.42
08-06-2025 17:20,167.82,283.59,150.89,305.16,836.16,1157.28,770.64,102.38,443.0,895.28,490.45,377.88,76.04,74.94,402.05,331.32,245.64,209.98,4.64,11.89,219.39,107.77,31.46,244.41
08-06-2025 17:25,167.83,283.59,150.89,305.16,836.15,1157.33,770.64,102.38,442.93,895.26,490.45,377.88,76.03,74.94,402.05,331.32,245.64,209.98,4.64,11.89,219.38,107.77,31.46,244.41
08-06-2025 17:30,167.83,283.59,150.89,305.16,836.12,1157.38,770.64,102.38,442.86,895.26,490.45,377.88,76.02,74.92,402.05,331.34,245.64,209.98,4.63,11.89,219.4,107.77,31.46,244.41
08-06-2025 17:35,167.86,283.59,150.89,305.16,836.06,1157.43,770.63,102.38,442.8,895.24,490.44,377.91,76.01,74.9,402.05,331.36,245.64,209.98,4.63,11.89,219.39,107.77,31.46,244.41
08-06-2025 17:40,167.88,283.59,150.89,305.16,836.01,1157.48,770.63,102.38,442.78,895.24,490.44,377.92,76.0,74.9,402.05,331.36,245.64,209.98,4.62,11.89,219.4,107.77,31.46,244.41
08-06-2025 17:45,167.92,283.59,150.89,305.16,836.01,1157.52,770.63,102.38,442.78,895.24,490.44,377.95,75.99,74.9,402.05,331.36,245.64,209.98,4.62,11.89,219.38,107.77,31.46,244.42
08-06-2025 17:50,167.92,283.59,150.89,305.16,836.01,1157.53,770.63,102.38,442.89,895.22,490.44,377.98,75.98,74.87,402.05,331.36,245.64,209.98,4.61,11.89,219.38,107.77,31.46,244.42
08-06-2025 17:55,167.94,283.59,150.89,305.16,836.01,1157.53,770.63,102.38,443.02,895.22,490.44,378.01,75.96,74.89,402.05,331.36,245.64,209.98,4.61,11.89,219.38,107.77,31.46,244.42
08-06-2025 18:00,167.96,283.59,150.89,305.16,836.01,1157.51,770.63,102.38,443.04,895.21,490.44,378.04,75.96,74.87,402.05,331.36,245.64,209.98,4.61,11.89,219.38,107.77,31.46,244.42
08-06-2025 18:05,167.96,283.59,150.89,305.16,836.01,1157.49,770.62,102.38,443.04,895.21,490.44,378.08,75.95,74.87,402.05,331.36,245.64,209.98,4.6,11.89,219.38,107.77,31.46,244.42
08-06-2025 18:10,167.96,283.59,150.89,305.16,836.01,1157.44,770.62,102.38,443.04,895.2,490.44,378.1,75.94,74.87,402.05,331.35,245.64,209.98,4.6,11.89,219.38,107.77,31.46,244.42
08-06-2025 18:15,167.97,283.59,150.89,305.16,836.01,1157.39,770.62,102.39,443.04,895.19,490.44,378.13,75.94,74.86,402.05,331.32,245.64,209.98,4.6,11.89,219.38,107.77,31.47,244.42
08-06-2025 18:20,167.97,283.59,150.89,305.16,836.06,1157.33,770.62,102.39,443.03,895.18,490.44,378.17,75.94,74.83,402.05,331.32,245.64,209.98,4.6,11.89,219.38,107.77,31.46,244.41
08-06-2025 18:25,167.97,283.59,150.89,305.16,836.11,1157.26,770.62,102.39,443.01,895.17,490.43,378.19,75.93,74.83,402.05,331.3,245.64,209.98,4.6,11.89,219.38,107.77,31.46,244.42
08-06-2025 18:30,167.97,283.59,150.89,305.16,836.15,1157.2,770.62,102.39,443.0,895.17,490.41,378.24,75.93,74.83,402.05,331.29,245.64,209.98,4.6,11.89,219.38,107.77,31.46,244.42
08-06-2025 18:35,167.97,283.59,150.89,305.16,836.16,1157.15,770.62,102.39,443.0,895.17,490.37,378.25,75.92,74.83,402.05,331.28,245.64,209.98,4.6,11.89,219.38,107.77,31.46,244.42
08-06-2025 18:40,167.97,283.74,150.89,305.16,836.16,1157.09,770.62,102.4,443.0,895.16,490.38,378.27,75.91,74.83,402.05,331.26,245.64,209.98,4.59,11.89,219.38,107.77,31.47,244.42
08-06-2025 18:45,167.97,283.74,150.89,305.16,836.16,1157.03,770.62,102.4,443.0,895.15,490.35,378.29,75.91,74.83,402.05,331.25,245.64,209.98,4.59,11.89,219.38,107.77,31.51,244.42
08-06-2025 18:50,167.97,283.74,150.89,305.16,836.16,1156.97,770.62,102.4,443.0,895.14,490.31,378.32,75.9,74.82,402.05,331.25,245.64,209.98,4.59,11.89,219.38,107.77,31.56,244.42
08-06-2025 18:55,167.97,283.74,150.89,305.15,836.16,1156.92,770.62,102.4,443.0,895.13,490.3,378.33,75.89,74.81,402.05,331.22,245.63,209.98,4.59,11.89,219.38,107.77,31.58,244.42
08-06-2025 19:00,167.97,283.74,150.89,305.16,836.16,1156.85,770.62,102.4,443.0,895.13,490.3,378.36,75.89,74.79,402.05,331.21,245.62,209.98,4.59,11.89,219.38,107.77,31.61,244.42
08-06-2025 19:05,167.97,283.74,150.89,305.16,836.16,1156.79,770.62,102.4,442.98,895.13,490.29,378.36,75.89,74.79,402.05,331.19,245.63,209.98,4.58,11.89,219.38,107.77,31.6,244.41
08-06-2025 19:10,167.97,283.74,150.89,305.15,836.16,1156.73,770.62,102.4,442.97,895.12,490.29,378.38,75.88,74.79,402.05,331.18,245.64,209.98,4.58,11.89,219.38,107.77,31.58,244.41
08-06-2025 19:15,167.97,283.74,150.89,305.14,836.16,1156.67,770.62,102.41,442.96,895.11,490.29,378.4,75.87,74.79,402.05,331.16,245.63,209.98,4.58,11.89,219.38,107.76,31.57,244.41
08-06-2025 19:20,167.97,283.74,150.89,305.14,836.16,1156.62,770.62,102.41,442.96,895.1,490.29,378.4,75.87,74.79,402.05,331.14,245.62,209.98,4.58,11.89,219.38,107.77,31.58,244.41
08-06-2025 19:25,167.97,283.74,150.89,305.15,836.25,1156.56,770.62,102.4,442.96,895.1,490.29,378.43,75.87,74.77,402.05,331.1,245.6,209.98,4.57,11.89,219.38,107.77,31.59,244.41
08-06-2025 19:30,167.97,283.74,150.89,305.15,836.29,1156.5,770.62,102.41,442.96,895.1,490.29,378.44,75.85,74.76,402.05,331.07,245.6,209.98,4.57,11.89,219.38,107.77,31.61,244.41
08-06-2025 19:35,167.97,283.74,150.89,305.14,836.3,1156.44,770.62,102.41,442.96,895.09,490.29,378.46,75.85,74.76,402.05,331.04,245.6,209.98,4.57,11.89,219.38,107.77,31.61,244.41
08-06-2025 19:40,167.97,283.74,150.89,305.11,836.3,1156.37,770.62,102.41,442.96,895.08,490.29,378.47,75.85,74.76,402.04,331.0,245.6,209.98,4.57,11.89,219.38,107.77,31.61,244.41
08-06-2025 19:45,167.97,283.74,150.89,305.1,836.3,1156.31,770.62,102.41,442.96,895.08,490.29,378.48,75.83,74.76,402.04,330.96,245.6,209.98,4.56,11.89,219.38,107.77,31.62,244.41
08-06-2025 19:50,167.97,283.74,150.89,305.08,836.3,1156.25,770.62,102.41,442.96,895.06,490.29,378.5,75.83,74.76,402.04,330.93,245.6,209.98,4.56,11.89,219.38,107.77,31.65,244.41
08-06-2025 19:55,167.97,283.74,150.89,305.08,836.35,1156.2,770.62,102.41,442.97,895.06,490.29,378.51,75.83,74.74,402.04,330.89,245.6,209.98,4.56,11.89,219.38,107.77,31.69,244.41
08-06-2025 20:00,167.97,283.74,150.89,305.13,836.41,,770.62,102.41,442.97,895.06,490.29,378.54,75.82,74.72,402.04,330.85,245.6,209.99,,,219.38,107.77,31.7,244.41
08-06-2025 20:05,167.97,283.74,150.89,305.09,836.45,,770.62,102.41,442.98,895.05,490.29,378.54,75.82,74.72,402.04,330.8,245.6,209.98,,,219.38,107.77,31.7,244.41
08-06-2025 20:10,167.97,283.74,150.89,305.1,836.45,,770.62,102.41,442.98,895.04,490.29,378.57,75.81,74.72,402.04,330.76,245.6,209.98,,,219.38,107.77,31.69,244.41
08-06-2025 20:15,167.97,283.74,150.89,305.08,836.45,,770.62,102.41,442.97,895.03,490.29,378.6,75.8,74.72,402.04,330.72,245.6,209.98,,,219.38,107.77,31.7,244.41
08-06-2025 20:20,167.97,283.74,150.89,305.08,836.45,,770.62,102.41,442.98,895.02,490.29,378.62,75.8,74.72,402.04,330.67,245.6,209.98,,,219.38,107.84,31.72,244.41
08-06-2025 20:25,167.97,283.74,150.89,305.1,836.45,,770.62,102.41,442.98,895.02,490.28,378.63,75.78,74.7,402.04,330.63,245.6,209.98,,,219.38,107.87,31.72,244.41
08-06-2025 20:30,167.97,283.74,150.89,305.12,836.47,,770.62,102.41,442.99,895.02,490.28,378.65,75.78,74.68,402.04,330.59,245.6,209.98,,,219.38,107.82,31.72,244.41
08-06-2025 20:35,167.97,283.74,150.89,305.12,836.52,,770.62,102.41,442.99,895.0,490.23,378.66,75.78,74.68,402.04,330.54,245.6,209.98,,,219.38,107.89,31.74,244.41
08-06-2025 20:40,167.97,283.74,150.89,305.11,836.58,,770.62,102.41,443.0,895.0,490.2,378.69,75.76,74.68,402.04,330.5,245.6,209.98,,,219.38,107.92,31.76,244.41
