Fecha,1060,1061,1062,1063,1064,1065,1066,1067,1074,1081,1100,1105,1106,1115,1163,1164,1165,1166,1178,1185,1186,1193,1196,1197,1201,1202,1204,1205,1206,1207,1208,1214,1215,1216,1217,1218,1219,1235,1237,1240,1242,1244,1245,1247,1248,1252,1256,1262,1264,1265,1268,1269,1274,1276,1277,1281,1285,1292,1293,1294,1295,1296,1297,1298,1299,1300,1301,1302,1303,1304,1305,1306,1307,1329,1330,1331,1332,1335,1338,1339,1342,1343,1344,1347,1348,1349,1353,1354,1358,1359,1360,1361,1363,1366,1367,1368,1370,1371,1372,1373,1374,1375,1376,1378,1379,1382,1395,1396,1397,1398,1399,1401,1402,1404,1405,1407,1414,1424,1426,1427,1428,1429
11-06-2025 00:00,0.68,0.24,0.91,1.02,0.4,0.24,0.39,0.72,0.7,0.48,1.08,1.63,1.22,0.68,1.12,0.42,0.56,1.65,1.33,0.9,0.64,0.38,0.88,0.88,0.63,0.31,1.09,0.6,0.87,0.7,0.45,1.22,0.82,0.18,0.12,0.22,0.64,1.51,0.91,1.06,0.11,1.18,0.78,0.4,0.44,0.26,0.91,0.6,0.15,0.34,0.28,1.23,1.11,1.02,0.58,0.39,0.35,0.49,0.85,0.43,1.69,0.42,1.36,0.15,0.38,1.22,1.26,0.24,1.24,0.13,0.39,0.93,0.97,0.26,0.34,0.6,0.97,0.78,0.86,0.41,0.23,0.19,0.38,1.22,0.57,1.32,0.6,2.29,0.5,1.96,1.07,0.66,0.19,0.53,1.56,1.06,3.14,0.68,1.27,1.64,1.58,1.66,1.1,0.28,0.31,0.38,0.73,0.56,1.25,0.55,1.43,0.93,0.35,0.43,2.23,1.15,1.59,0.26,1.51,0.62,1.07,0.69
11-06-2025 00:05,0.68,0.24,0.91,1.02,0.4,0.24,0.37,0.72,0.7,0.48,1.07,1.63,1.22,0.68,1.12,0.41,0.56,1.65,1.33,0.9,0.64,0.38,0.88,0.88,0.63,0.31,1.09,0.6,0.86,0.7,0.45,1.22,0.82,0.18,0.12,0.19,0.64,1.51,0.91,1.06,0.11,1.18,0.78,0.4,0.44,0.26,0.91,0.6,0.15,0.34,0.28,1.23,1.11,1.02,0.58,0.39,0.35,0.49,0.85,0.44,1.69,0.42,1.36,0.15,0.38,1.22,1.26,0.24,1.24,0.13,0.39,0.93,0.97,0.26,0.34,0.6,0.97,0.78,0.86,0.41,0.23,0.19,0.38,1.22,0.57,1.32,0.6,2.31,0.5,1.95,1.07,0.66,0.19,0.53,1.57,1.06,3.15,0.68,1.27,1.67,1.58,1.64,1.09,0.28,0.31,0.38,0.73,0.56,1.25,0.55,1.43,0.93,0.35,0.43,2.23,1.15,1.59,0.26,1.51,0.62,1.07,0.69
11-06-2025 00:10,0.68,0.24,0.91,1.02,0.41,0.24,0.37,0.72,0.7,0.48,1.07,1.63,1.22,0.6,1.12,0.42,0.56,1.65,1.33,0.9,0.64,0.38,0.88,0.88,0.63,0.31,1.09,0.6,0.86,0.7,0.45,1.23,0.82,0.19,0.12,0.2,0.64,1.51,0.91,1.06,0.11,1.18,0.78,0.4,0.44,0.26,0.91,0.6,0.15,0.34,0.28,1.23,1.11,1.04,0.58,0.39,0.35,0.49,0.85,0.44,1.69,0.42,1.36,0.15,0.38,1.21,1.26,0.24,1.24,0.13,0.39,0.93,0.97,0.26,0.34,0.6,0.97,0.78,0.86,0.41,0.23,0.19,0.38,1.22,0.57,1.32,0.6,2.33,0.5,1.95,1.07,0.66,0.19,0.53,1.56,1.06,3.17,0.68,1.27,1.67,1.58,1.63,1.08,0.28,0.31,0.38,0.73,0.56,1.25,0.55,1.43,0.93,0.35,0.43,2.23,1.15,1.59,0.26,1.51,0.62,1.07,0.69
11-06-2025 00:15,0.68,0.24,0.91,1.02,0.4,0.23,0.39,0.73,0.7,0.48,1.08,1.63,1.22,0.61,1.11,0.42,0.56,1.65,1.33,0.9,0.64,0.38,0.89,0.89,0.63,0.31,1.09,0.6,0.86,0.7,0.45,1.22,0.82,0.18,0.12,0.19,0.64,1.51,0.91,1.06,0.11,1.18,0.78,0.4,0.44,0.26,0.91,0.6,0.15,0.34,0.28,1.23,1.11,1.04,0.58,0.39,0.35,0.5,0.85,0.44,1.69,0.42,1.35,0.15,0.38,1.21,1.26,0.24,1.24,0.13,0.39,0.93,0.97,0.26,0.34,0.6,0.97,0.78,0.86,0.41,0.23,0.19,0.38,1.22,0.57,1.32,0.6,2.33,0.5,1.93,1.07,0.66,0.19,0.53,1.56,1.06,3.19,0.68,1.27,1.67,1.58,1.62,1.08,0.28,0.31,0.38,0.73,0.56,1.25,0.55,1.43,0.93,0.35,0.43,2.23,1.15,1.59,0.26,1.51,0.62,1.07,0.69
11-06-2025 00:20,0.68,0.24,0.91,1.02,0.4,0.24,0.38,0.72,0.7,0.48,1.08,1.63,1.22,0.61,1.11,0.42,0.56,1.65,1.33,0.9,0.64,0.38,0.89,0.89,0.63,0.31,1.09,0.6,0.86,0.7,0.45,1.22,0.82,0.18,0.12,0.2,0.64,1.51,0.91,1.06,0.11,1.18,0.78,0.4,0.44,0.26,0.91,0.6,0.15,0.34,0.28,1.23,1.11,1.04,0.58,0.39,0.35,0.5,0.85,0.44,1.69,0.42,1.35,0.15,0.38,1.21,1.26,0.24,1.24,0.14,0.39,0.93,0.97,0.26,0.34,0.6,0.97,0.78,0.86,0.41,0.23,0.19,0.38,1.22,0.57,1.32,0.6,2.33,0.5,1.92,1.07,0.66,0.18,0.53,1.56,1.06,3.2,0.68,1.27,1.67,1.58,1.62,1.08,0.28,0.31,0.38,0.73,0.56,1.25,0.55,1.43,0.93,0.35,0.43,2.23,1.15,1.59,0.26,1.51,0.62,1.07,0.69
11-06-2025 00:25,0.68,0.24,0.91,1.02,0.41,0.24,0.38,0.73,0.7,0.48,1.08,1.63,1.22,0.61,1.11,0.42,0.56,1.65,1.32,0.9,0.64,0.38,0.89,0.89,0.63,0.31,1.09,0.6,0.86,0.7,0.45,1.23,0.82,0.18,0.12,0.19,0.64,1.52,0.91,1.06,0.11,1.18,0.78,0.4,0.44,0.26,0.91,0.6,0.15,0.34,0.28,1.23,1.11,1.04,0.58,0.39,0.35,0.51,0.86,0.43,1.69,0.42,1.36,0.15,0.38,1.22,1.26,0.24,1.24,0.13,0.39,0.93,0.97,0.26,0.34,0.6,0.97,0.78,0.86,0.41,0.23,0.19,0.38,1.22,0.57,1.32,0.6,2.33,0.5,1.92,1.07,0.66,0.18,0.53,1.57,1.06,3.22,0.68,1.27,1.67,1.58,1.62,1.07,0.28,0.31,0.38,0.73,0.56,1.25,0.55,1.43,0.93,0.35,0.43,2.23,1.15,1.59,0.26,1.51,0.62,1.07,0.69
11-06-2025 00:30,0.68,0.24,0.91,1.02,0.41,0.23,0.37,0.72,0.7,0.48,1.08,1.63,1.22,0.61,1.11,0.42,0.56,1.65,1.32,0.9,0.64,0.38,0.89,0.89,0.63,0.31,1.09,0.6,0.85,0.7,0.45,1.23,0.82,0.18,0.12,0.19,0.64,1.52,0.91,1.06,0.11,1.19,0.78,0.4,0.44,0.26,0.91,0.6,0.15,0.34,0.28,1.23,1.11,1.04,0.58,0.39,0.35,0.52,0.86,0.43,1.69,0.42,1.36,0.15,0.38,1.21,1.26,0.24,1.24,0.14,0.39,0.93,0.97,0.26,0.34,0.6,0.97,0.78,0.86,0.41,0.23,0.19,0.38,1.22,0.57,1.32,0.6,2.33,0.5,1.91,1.07,0.66,0.18,0.53,1.56,1.06,3.24,0.68,1.27,1.65,1.58,1.61,1.07,0.28,0.31,0.38,0.73,0.56,1.25,0.55,1.43,0.93,0.35,0.43,2.3,1.15,1.59,0.26,1.51,0.62,1.07,0.69
11-06-2025 00:35,0.68,0.24,0.92,1.02,0.41,0.24,0.37,0.73,0.7,0.48,1.08,1.63,1.22,0.61,1.11,0.42,0.56,1.65,1.32,0.9,0.64,0.38,0.89,0.89,0.63,0.31,1.09,0.6,0.85,0.7,0.45,1.23,0.82,0.18,0.12,0.21,0.64,1.52,0.91,1.06,0.11,1.18,0.78,0.4,0.44,0.26,0.91,0.6,0.15,0.34,0.28,1.23,1.12,1.04,0.58,0.39,0.35,0.52,0.86,0.43,1.69,0.42,1.36,0.15,0.38,1.22,1.26,0.24,1.24,0.14,0.39,0.93,0.97,0.26,0.34,0.59,0.97,0.78,0.86,0.41,0.23,0.19,0.38,1.22,0.57,1.32,0.6,2.33,0.5,1.9,1.07,0.66,0.18,0.53,1.56,1.06,3.25,0.68,1.27,1.65,1.58,1.6,1.07,0.28,0.31,0.38,0.73,0.56,1.25,0.55,1.43,0.93,0.35,0.43,2.49,1.15,1.59,0.26,1.51,0.62,1.07,0.69
11-06-2025 00:40,0.68,0.24,0.92,1.02,0.41,0.24,0.37,0.73,0.7,0.48,1.08,1.63,1.22,0.61,1.11,0.42,0.56,1.65,1.32,0.9,0.64,0.38,0.89,0.89,0.63,0.31,1.09,0.6,0.85,0.7,0.45,1.23,0.82,0.19,0.12,0.2,0.64,1.52,0.91,1.06,0.11,1.19,0.78,0.4,0.44,0.26,0.91,0.6,0.15,0.34,0.28,1.24,1.11,1.04,0.58,0.39,0.35,0.53,0.86,0.43,1.69,0.42,1.36,0.15,0.38,1.21,1.26,0.24,1.24,0.14,0.39,0.93,0.97,0.26,0.34,0.6,0.97,0.78,0.86,0.41,0.23,0.19,0.38,1.22,0.57,1.32,0.6,2.33,0.5,1.9,1.07,0.66,0.18,0.53,1.56,1.06,3.26,0.69,1.27,1.64,1.58,1.59,1.06,0.28,0.31,0.38,0.73,0.56,1.25,0.55,1.43,0.93,0.35,0.43,2.67,1.15,1.59,0.26,1.51,0.62,1.07,0.69
11-06-2025 00:45,0.68,0.24,0.92,1.02,0.41,0.24,0.37,0.73,0.7,0.48,1.08,1.63,1.22,0.61,1.11,0.42,0.56,1.65,1.32,0.9,0.64,0.38,0.89,0.89,0.63,0.31,1.09,0.6,0.85,0.7,0.45,1.23,0.82,0.18,0.12,0.2,0.65,1.51,0.91,1.06,0.11,1.18,0.78,0.4,0.44,0.26,0.91,0.6,0.15,0.34,0.28,1.24,1.11,1.04,0.58,0.39,0.35,0.54,0.86,0.43,1.69,0.42,1.35,0.15,0.38,1.21,1.26,0.24,1.24,0.13,0.39,0.94,0.97,0.26,0.34,0.6,0.97,0.78,0.86,0.41,0.23,0.19,0.38,1.22,0.57,1.32,0.6,2.33,0.5,1.9,1.07,0.66,0.18,0.53,1.56,1.06,3.28,0.68,1.27,1.64,1.58,1.57,1.06,0.28,0.31,0.38,0.73,0.56,1.25,0.55,1.43,0.93,0.35,0.43,2.84,1.15,1.59,0.26,1.51,0.62,1.07,0.69
11-06-2025 00:50,0.68,0.24,0.92,1.02,0.4,0.24,0.38,0.72,0.7,0.48,1.08,1.63,1.22,0.61,1.11,0.41,0.56,1.65,1.32,0.9,0.64,0.38,0.89,0.89,0.63,0.31,1.09,0.6,0.85,0.7,0.45,1.23,0.82,0.19,0.12,0.19,0.65,1.51,0.91,1.06,0.11,1.19,0.78,0.4,0.44,0.26,0.91,0.6,0.15,0.34,0.28,1.24,1.11,1.04,0.58,0.39,0.35,0.54,0.86,0.43,1.69,0.42,1.35,0.15,0.38,1.21,1.26,0.24,1.24,0.14,0.39,0.94,0.97,0.26,0.34,0.6,0.97,0.78,0.86,0.41,0.23,0.19,0.38,1.22,0.57,1.32,0.6,2.33,0.5,1.91,1.06,0.66,0.18,0.53,1.56,1.06,3.29,0.68,1.27,1.64,1.58,1.56,1.06,0.28,0.31,0.38,0.73,0.56,1.25,0.55,1.43,0.93,0.35,0.43,2.97,1.15,1.59,0.26,1.51,0.62,1.07,0.69
11-06-2025 00:55,0.68,0.24,0.92,1.02,0.4,0.23,0.38,0.72,0.7,0.48,1.08,1.63,1.21,0.61,1.11,0.42,0.56,1.65,1.32,0.9,0.64,0.38,0.89,0.89,0.63,0.31,1.09,0.6,0.85,0.7,0.45,1.23,0.82,0.18,0.12,0.21,0.64,1.51,0.91,1.06,0.11,1.19,0.79,0.4,0.44,0.26,0.91,0.6,0.15,0.34,0.28,1.24,1.11,1.03,0.58,0.39,0.35,0.55,0.86,0.43,1.69,0.42,1.36,0.15,0.38,1.21,1.26,0.24,1.24,0.14,0.39,0.94,0.97,0.26,0.34,0.6,0.97,0.78,0.86,0.41,0.23,0.19,0.38,1.22,0.57,1.32,0.6,2.33,0.5,1.91,1.06,0.66,0.17,0.53,1.56,1.06,3.29,0.68,1.27,1.64,1.58,1.54,1.06,0.28,0.32,0.37,0.73,0.56,1.25,0.55,1.43,0.93,0.35,0.43,3.04,1.15,1.59,0.26,1.51,0.62,1.07,0.69
11-06-2025 01:00,0.68,0.24,0.92,1.02,0.4,0.24,0.37,0.73,0.7,0.48,1.08,1.63,1.2,0.61,1.11,0.41,0.56,1.65,1.32,0.9,0.64,0.38,0.89,0.89,0.63,0.31,1.1,0.6,0.85,0.7,0.45,1.23,0.82,0.18,0.12,0.2,0.64,1.51,0.91,1.06,0.11,1.19,0.8,0.4,0.44,0.26,0.91,0.6,0.15,0.34,0.28,1.25,1.11,1.02,0.58,0.39,0.35,0.55,0.86,0.43,1.69,0.42,1.36,0.15,0.38,1.21,1.26,0.24,1.24,0.13,0.39,0.94,0.97,0.26,0.34,0.59,0.97,0.78,0.86,0.41,0.23,0.19,0.38,1.22,0.57,1.32,0.6,2.33,0.5,1.91,1.05,0.66,0.17,0.53,1.56,1.06,3.3,0.68,1.27,1.64,1.58,1.53,1.05,0.28,0.32,0.37,0.73,0.56,1.25,0.55,1.43,0.93,0.35,0.43,3.12,1.15,1.59,0.26,1.5,0.62,1.07,0.69
11-06-2025 01:05,0.68,0.24,0.92,1.02,0.4,0.24,0.38,0.73,0.7,0.48,1.08,1.63,1.21,0.62,1.11,0.42,0.56,1.65,1.32,0.9,0.64,0.38,0.88,0.88,0.63,0.31,1.1,0.6,0.84,0.7,0.45,1.23,0.82,0.18,0.12,0.21,0.64,1.51,0.91,1.06,0.11,1.19,0.8,0.4,0.44,0.26,0.91,0.6,0.15,0.34,0.28,1.25,1.11,1.02,0.58,0.39,0.35,0.56,0.86,0.43,1.69,0.42,1.36,0.15,0.38,1.22,1.26,0.24,1.24,0.13,0.39,0.94,0.97,0.26,0.34,0.6,0.97,0.79,0.86,0.41,0.23,0.19,0.38,1.22,0.57,1.32,0.6,2.33,0.5,1.91,1.05,0.66,0.17,0.53,1.56,1.06,3.31,0.69,1.27,1.64,1.58,1.51,1.05,0.28,0.32,0.37,0.73,0.56,1.25,0.55,1.43,0.93,0.35,0.43,3.17,1.15,1.59,0.26,1.5,0.62,1.07,0.69
11-06-2025 01:10,0.68,0.24,0.92,1.02,0.4,0.24,0.38,0.73,0.7,0.48,1.08,1.63,1.22,0.62,1.11,0.42,0.56,1.65,1.31,0.9,0.64,0.38,0.88,0.88,0.63,0.31,1.1,0.6,0.84,0.69,0.45,1.23,0.82,0.19,0.12,0.19,0.65,1.51,0.91,1.06,0.11,1.19,0.8,0.4,0.44,0.26,0.91,0.6,0.15,0.34,0.28,1.25,1.12,1.02,0.58,0.39,0.35,0.56,0.86,0.43,1.69,0.42,1.36,0.15,0.38,1.22,1.26,0.24,1.24,0.13,0.39,0.94,0.97,0.26,0.34,0.6,0.97,0.79,0.87,0.41,0.23,0.19,0.38,1.22,0.57,1.32,0.6,2.33,0.5,1.91,1.05,0.66,0.17,0.53,1.56,1.06,3.31,0.69,1.27,1.64,1.58,1.5,1.04,0.28,0.32,0.37,0.73,0.56,1.25,0.55,1.43,0.93,0.35,0.43,3.1,1.15,1.59,0.26,1.51,0.62,1.07,0.69
11-06-2025 01:15,0.68,0.24,0.92,1.02,0.4,0.24,0.38,0.73,0.7,0.48,1.08,1.63,1.22,0.62,1.11,0.42,0.56,1.65,1.31,0.9,0.64,0.38,0.88,0.88,0.63,0.31,1.1,0.6,0.84,0.69,0.45,1.23,0.82,0.19,0.12,0.2,0.66,1.51,0.91,1.06,0.11,1.19,0.8,0.4,0.44,0.26,0.91,0.6,0.15,0.34,0.28,1.25,1.12,1.02,0.58,0.39,0.35,0.56,0.86,0.43,1.69,0.42,1.36,0.15,0.38,1.23,1.26,0.24,1.24,0.13,0.39,0.94,0.97,0.26,0.34,0.6,0.97,0.79,0.87,0.41,0.23,0.19,0.38,1.22,0.57,1.32,0.6,2.33,0.5,1.92,1.05,0.66,0.17,0.53,1.56,1.06,3.32,0.69,1.27,1.64,1.58,1.49,1.03,0.28,0.32,0.37,0.73,0.56,1.25,0.55,1.43,0.93,0.35,0.43,3.02,1.15,1.59,0.26,1.51,0.62,1.07,0.69
11-06-2025 01:20,0.68,0.24,0.92,1.02,0.4,0.23,0.36,0.73,0.7,0.48,1.08,1.63,1.22,0.62,1.11,0.42,0.56,1.65,1.31,0.9,0.64,0.38,0.88,0.88,0.63,0.31,1.11,0.6,0.84,0.69,0.45,1.23,0.82,0.19,0.12,0.2,0.66,1.51,0.91,1.06,0.11,1.19,0.8,0.4,0.44,0.26,0.91,0.6,0.15,0.34,0.28,1.24,1.12,1.02,0.58,0.39,0.35,0.56,0.86,0.43,1.69,0.42,1.36,0.15,0.38,1.23,1.26,0.24,1.24,0.13,0.39,0.94,0.97,0.26,0.34,0.6,0.97,0.8,0.87,0.41,0.23,0.19,0.38,1.22,0.57,1.32,0.6,2.33,0.5,1.92,1.04,0.66,0.17,0.53,1.56,1.06,3.33,0.69,1.27,1.64,1.58,1.47,1.03,0.28,0.32,0.37,0.73,0.57,1.25,0.55,1.43,0.93,0.35,0.43,2.93,1.15,1.59,0.26,1.51,0.62,1.07,0.69
11-06-2025 01:25,0.68,0.24,0.92,1.02,0.41,0.23,0.37,0.73,0.7,0.48,1.08,1.63,1.22,0.62,1.11,0.42,0.56,1.65,1.31,0.9,0.64,0.38,0.88,0.88,0.63,0.31,1.11,0.6,0.84,0.69,0.45,1.23,0.82,0.19,0.12,0.19,0.66,1.51,0.91,1.06,0.12,1.19,0.8,0.4,0.44,0.26,0.91,0.6,0.15,0.34,0.28,1.24,1.12,1.02,0.58,0.39,0.35,0.56,0.86,0.43,1.69,0.42,1.36,0.15,0.38,1.24,1.26,0.24,1.24,0.13,0.39,0.94,0.97,0.26,0.34,0.6,0.97,0.8,0.87,0.41,0.23,0.19,0.38,1.22,0.57,1.32,0.6,2.33,0.5,1.93,1.04,0.66,0.17,0.53,1.56,1.06,3.33,0.69,1.27,1.64,1.58,1.46,1.03,0.28,0.32,0.38,0.73,0.56,1.25,0.55,1.43,0.93,0.35,0.43,2.86,1.15,1.59,0.26,1.51,0.62,1.07,0.69
11-06-2025 01:30,0.68,0.24,0.92,1.02,0.41,0.24,0.38,0.73,0.7,0.48,1.08,1.63,1.22,0.62,1.12,0.42,0.56,1.65,1.31,0.9,0.64,0.38,0.88,0.88,0.64,0.31,1.11,0.6,0.84,0.69,0.45,1.23,0.82,0.19,0.12,0.2,0.66,1.51,0.91,1.06,0.12,1.19,0.8,0.4,0.43,0.26,0.91,0.6,0.15,0.34,0.28,1.24,1.12,1.02,0.58,0.39,0.35,0.56,0.86,0.43,1.69,0.42,1.36,0.15,0.38,1.24,1.26,0.24,1.24,0.13,0.39,0.94,0.97,0.26,0.34,0.6,0.97,0.8,0.87,0.41,0.23,0.19,0.38,1.22,0.57,1.32,0.6,2.33,0.5,1.94,1.03,0.66,0.17,0.53,1.56,1.06,3.33,0.69,1.27,1.63,1.58,1.45,1.02,0.28,0.32,0.38,0.73,0.56,1.25,0.55,1.43,0.93,0.35,0.43,2.76,1.15,1.59,0.26,1.52,0.62,1.07,0.69
11-06-2025 01:35,0.68,0.24,0.92,1.02,0.4,0.23,0.37,0.73,0.7,0.48,1.08,1.63,1.22,0.62,1.12,0.42,0.56,1.65,1.31,0.9,0.64,0.38,0.88,0.88,0.65,0.31,1.11,0.6,0.84,0.69,0.53,1.23,0.82,0.19,0.12,0.21,0.66,1.51,0.91,1.06,0.11,1.19,0.8,0.4,0.43,0.26,0.92,0.6,0.15,0.34,0.28,1.24,1.12,1.03,0.58,0.39,0.35,0.56,0.86,0.43,1.69,0.42,1.36,0.15,0.38,1.25,1.26,0.24,1.24,0.13,0.39,0.94,0.97,0.26,0.34,0.6,0.97,0.8,0.87,0.41,0.23,0.19,0.38,1.22,0.57,1.32,0.6,2.33,0.5,1.96,1.03,0.66,0.17,0.53,1.56,1.06,3.33,0.7,1.27,1.62,1.58,1.44,1.02,0.28,0.32,0.38,0.73,0.56,1.25,0.55,1.43,0.93,0.35,0.43,2.69,1.15,1.59,0.26,1.51,0.62,1.07,0.69
11-06-2025 01:40,0.68,0.24,0.92,1.02,0.41,0.24,0.38,0.73,0.7,0.48,1.07,1.63,1.22,0.62,1.12,0.42,0.56,1.65,1.31,0.9,0.64,0.38,0.88,0.88,0.66,0.31,1.11,0.6,0.84,0.68,0.63,1.23,0.82,0.19,0.12,,0.66,1.51,0.91,1.06,0.11,1.19,0.8,0.4,0.43,0.26,0.92,0.6,0.15,0.34,0.28,1.24,1.12,1.04,0.58,0.39,0.35,0.56,0.86,0.43,1.69,0.42,1.36,0.15,0.38,1.25,1.26,0.24,1.24,0.13,0.39,0.94,0.97,0.26,0.34,0.6,0.97,0.8,0.87,0.41,0.23,0.19,0.38,1.22,0.57,1.32,0.6,2.33,0.5,1.97,1.03,0.66,0.17,0.53,1.56,1.06,3.33,0.69,1.27,1.62,1.58,1.43,1.01,0.28,0.32,0.38,0.73,0.56,1.25,0.55,1.43,0.93,0.35,0.43,2.62,1.15,1.59,0.26,1.51,0.62,1.07,0.69
11-06-2025 01:45,0.68,0.24,0.92,1.02,0.4,0.24,0.37,0.73,0.7,0.48,1.08,1.63,1.22,0.62,1.12,0.42,0.56,1.65,1.31,0.9,0.64,0.38,0.88,0.88,0.67,0.31,1.11,0.6,0.84,0.68,0.66,1.23,0.82,0.19,0.12,0.2,0.66,1.51,0.91,1.06,0.12,1.18,0.8,0.4,0.43,0.27,0.92,0.6,0.15,0.34,0.28,1.24,1.12,1.05,0.58,0.39,0.35,0.56,0.86,0.43,1.69,0.42,1.36,0.15,0.38,1.26,1.26,0.24,1.24,0.13,0.39,0.94,0.97,0.26,0.34,0.6,0.97,0.8,0.87,0.41,0.23,0.2,0.38,1.22,0.57,1.32,0.6,2.33,0.5,1.97,1.03,0.66,0.17,0.53,1.56,1.06,3.33,0.7,1.27,1.61,1.58,1.42,1.01,0.28,0.31,0.38,0.73,0.56,1.25,0.55,1.43,0.93,0.35,0.43,2.56,1.15,1.59,0.26,1.51,0.62,1.07,0.69
11-06-2025 01:50,0.68,0.24,0.92,1.02,0.4,0.24,0.38,0.73,0.7,0.48,1.07,1.63,1.22,0.62,1.12,0.42,0.56,1.65,1.3,0.9,0.64,0.38,0.88,0.88,0.68,0.31,1.1,0.6,0.84,0.68,0.67,1.23,0.82,0.19,0.12,0.19,0.66,1.51,0.91,1.06,0.12,1.18,0.8,0.4,0.42,0.27,0.92,0.6,0.15,0.34,0.28,1.23,1.12,1.06,0.58,0.39,0.35,0.56,0.86,0.43,1.69,0.42,1.36,0.15,0.39,1.26,1.26,0.24,1.24,0.14,0.39,0.94,0.97,0.26,0.34,0.6,0.97,0.8,0.87,0.41,0.23,0.2,0.38,1.22,0.57,1.32,0.6,2.33,0.5,1.98,1.03,0.66,0.17,0.53,1.56,1.06,3.33,0.7,1.28,1.6,1.58,1.41,1.01,0.28,0.31,0.38,0.73,0.56,1.25,0.55,1.43,0.93,0.35,0.43,2.51,1.15,1.59,0.26,1.51,0.62,1.07,0.69
11-06-2025 01:55,0.68,0.24,0.92,1.02,0.4,0.24,0.39,0.73,0.7,0.48,1.08,1.63,1.22,0.62,1.12,0.42,0.56,1.65,1.3,0.9,0.64,0.38,0.88,0.88,0.69,0.31,1.1,0.6,0.83,0.68,0.67,1.23,0.82,0.19,0.12,0.2,0.66,1.51,0.91,1.06,0.11,1.19,0.8,0.4,0.42,0.27,0.92,0.6,0.15,0.34,0.28,1.23,1.12,1.06,0.58,0.39,0.35,0.56,0.86,0.43,1.69,0.42,1.36,0.15,0.39,1.27,1.26,0.24,1.24,0.13,0.39,0.94,0.97,0.26,0.34,0.6,0.97,0.8,0.87,0.41,0.23,0.2,0.38,1.22,0.57,1.32,0.6,2.33,0.5,1.99,1.03,0.66,0.17,0.53,1.56,1.06,3.33,0.7,1.28,1.6,1.58,1.4,1.0,0.28,0.31,0.38,0.73,0.56,1.25,0.55,1.43,0.93,0.35,0.43,2.45,1.15,1.59,0.26,1.51,0.62,1.07,0.69
11-06-2025 02:00,0.68,0.24,0.92,1.02,0.41,0.24,0.39,0.73,0.7,0.48,1.08,1.63,1.22,0.62,1.12,0.42,0.56,1.65,1.3,0.9,0.64,0.38,0.88,0.88,0.69,0.31,1.1,0.6,0.83,0.68,0.67,1.23,0.82,0.19,0.12,0.18,0.66,1.51,0.91,1.06,0.12,1.19,0.81,0.4,0.42,0.27,0.92,0.6,0.15,0.34,0.28,1.23,1.12,1.06,0.58,0.39,0.35,0.56,0.86,0.43,1.69,0.42,1.36,0.15,0.38,1.27,1.26,0.24,1.24,0.13,0.39,0.94,0.97,0.26,0.34,0.6,0.97,0.8,0.87,0.41,0.23,0.2,0.38,1.22,0.57,1.32,0.6,2.33,0.5,1.99,1.03,0.66,0.17,0.53,1.56,1.06,3.33,0.7,1.28,1.6,1.58,1.4,1.0,0.28,0.32,0.38,0.73,0.56,1.25,0.55,1.43,0.93,0.35,0.43,2.41,1.15,1.59,0.26,1.51,0.62,1.07,0.69
11-06-2025 02:05,0.68,0.24,0.92,1.02,0.4,0.23,0.37,0.73,0.7,0.48,1.08,1.63,1.22,0.62,1.12,0.42,0.56,1.65,1.3,0.9,0.64,0.38,0.88,0.88,0.69,0.31,1.1,0.6,0.83,0.68,0.67,1.23,0.82,0.19,0.12,0.19,0.66,1.51,0.91,1.06,0.12,1.19,0.81,0.4,0.42,0.27,0.92,0.6,0.15,0.34,0.28,1.23,1.12,1.07,0.58,0.39,0.35,0.56,0.86,0.43,1.69,0.42,1.36,0.15,0.38,1.28,1.26,0.24,1.24,0.13,0.39,0.94,0.97,0.26,0.34,0.6,0.97,0.8,0.87,0.41,0.23,0.2,0.38,1.22,0.57,1.32,0.6,2.33,0.5,2.0,1.03,0.66,0.17,0.53,1.56,1.06,3.33,0.7,1.28,1.6,1.58,1.38,1.0,0.28,0.31,0.38,0.73,0.56,1.25,0.55,1.43,0.93,0.35,0.43,2.38,1.15,1.59,0.26,1.5,0.62,1.07,0.69
11-06-2025 02:10,0.68,0.24,0.92,1.02,0.41,0.24,0.38,0.73,0.7,0.48,1.07,1.63,1.22,0.62,1.12,0.42,0.56,1.65,1.3,0.9,0.64,0.38,0.88,0.88,0.7,0.31,1.1,0.6,0.83,0.68,0.67,1.23,0.82,0.19,0.12,0.21,0.66,1.51,0.91,1.06,0.12,1.19,0.82,0.4,0.42,0.27,0.92,0.6,0.15,0.34,0.28,1.23,1.12,1.08,0.58,0.39,0.35,0.56,0.86,0.43,1.69,0.42,1.35,0.15,0.39,1.28,1.26,0.24,1.24,0.13,0.39,0.94,0.97,0.26,0.34,0.6,0.97,0.8,0.87,0.41,0.23,0.2,0.38,1.22,0.57,1.32,0.6,2.33,0.5,2.0,1.03,0.66,0.17,0.53,1.56,1.06,3.33,0.7,1.28,1.6,1.58,1.38,0.98,0.28,0.31,0.38,0.73,0.56,1.25,0.55,1.43,0.93,0.35,0.43,2.34,1.15,1.59,0.26,1.5,0.62,1.07,0.69
11-06-2025 02:15,0.68,0.24,0.92,1.02,0.41,0.23,0.38,0.73,0.7,0.48,1.07,1.63,1.22,0.62,1.12,0.41,0.56,1.65,1.3,0.9,0.64,0.38,0.88,0.88,0.71,0.31,1.1,0.6,0.83,0.68,0.67,1.23,0.82,0.19,0.12,0.2,0.66,1.51,0.91,1.06,0.12,1.19,0.82,0.4,0.42,0.27,0.92,0.6,0.15,0.34,0.28,1.23,1.12,1.07,0.58,0.39,0.35,0.56,0.86,0.43,1.69,0.42,1.36,0.15,0.38,1.28,1.26,0.24,1.25,0.13,0.39,0.94,0.97,0.26,0.34,0.6,0.97,0.8,0.87,0.41,0.23,0.2,0.38,1.22,0.57,1.32,0.6,2.33,0.5,2.0,1.02,0.66,0.17,0.53,1.56,1.06,3.32,0.7,1.28,1.6,1.58,1.37,0.98,0.28,0.32,0.38,0.73,0.56,1.25,0.55,1.43,0.93,0.35,0.43,2.32,1.15,1.59,0.26,1.5,0.62,1.07,0.69
11-06-2025 02:20,0.68,0.24,0.92,1.02,0.4,0.23,0.37,0.73,0.7,0.48,1.08,1.63,1.22,0.62,1.12,0.42,0.56,1.65,1.3,0.9,0.64,0.38,0.88,0.88,0.71,0.31,1.1,0.6,0.82,0.68,0.67,1.23,0.82,0.19,0.12,0.2,0.66,1.51,0.91,1.06,0.12,1.19,0.82,0.4,0.42,0.27,0.92,0.6,0.15,0.34,0.28,1.23,1.12,1.06,0.58,0.39,0.35,0.56,0.86,0.43,1.69,0.42,1.36,0.15,0.38,1.28,1.26,0.24,1.25,0.13,0.39,0.94,0.97,0.26,0.34,0.6,0.97,0.8,0.87,0.41,0.23,0.2,0.38,1.22,0.57,1.32,0.6,2.33,0.5,2.01,1.01,0.66,0.17,0.53,1.56,1.06,3.31,0.7,1.28,1.6,1.58,1.36,0.98,0.28,0.32,0.38,0.73,0.56,1.25,0.55,1.43,0.93,0.35,0.43,2.3,1.15,1.59,0.26,1.51,0.62,1.07,0.69
11-06-2025 02:25,0.68,0.24,0.92,1.02,0.4,0.23,0.37,0.73,0.7,0.48,1.07,1.63,1.22,0.62,1.11,0.42,0.56,1.65,1.3,0.9,0.64,0.38,0.88,0.88,0.7,0.31,1.1,0.6,0.82,0.68,0.66,1.23,0.82,0.19,0.12,0.21,0.66,1.51,0.91,1.06,0.12,1.19,0.81,0.4,0.42,0.27,0.92,0.6,0.15,0.34,0.28,1.23,1.12,1.06,0.58,0.39,0.35,0.56,0.86,0.43,1.69,0.42,1.36,0.15,0.38,1.28,1.26,0.24,1.25,0.13,0.39,0.94,0.97,0.26,0.34,0.6,0.97,0.8,0.87,0.41,0.23,0.2,0.38,1.22,0.57,1.32,0.6,2.25,0.5,2.01,1.01,0.66,0.17,0.53,1.56,1.06,3.31,0.69,1.28,1.6,1.58,1.35,0.97,0.28,0.32,0.38,0.73,0.56,1.25,0.55,1.43,0.93,0.35,0.43,2.28,1.15,1.59,0.26,1.51,0.62,1.07,0.69
11-06-2025 02:30,0.68,0.24,0.92,1.02,0.4,0.23,0.38,0.73,0.7,0.48,1.07,1.63,1.22,0.62,1.11,0.42,0.56,1.65,1.3,0.9,0.64,0.38,0.88,0.88,0.7,0.31,1.1,0.6,0.82,0.68,0.66,1.23,0.82,0.19,0.12,0.2,0.67,1.51,0.91,1.06,0.12,1.19,0.82,0.4,0.42,0.27,0.92,0.6,0.15,0.34,0.28,1.24,1.12,1.06,0.58,0.39,0.35,0.56,0.86,0.43,1.69,0.42,1.36,0.15,0.38,1.28,1.26,0.24,1.26,0.13,0.39,0.94,0.97,0.26,0.34,0.6,0.97,0.8,0.87,0.41,0.23,0.2,0.38,1.22,0.57,1.32,0.6,1.94,0.51,2.02,1.0,0.66,0.17,0.53,1.56,1.06,3.31,0.69,1.28,1.6,1.58,1.35,0.97,0.28,0.32,0.38,0.73,0.56,1.25,0.55,1.43,0.93,0.35,0.43,2.27,1.15,1.59,0.26,1.5,0.62,1.07,0.69
11-06-2025 02:35,0.68,0.24,0.92,1.02,0.4,0.23,0.38,0.73,0.7,0.48,1.07,1.63,1.22,0.62,1.11,0.42,0.56,1.65,1.3,0.9,0.64,0.38,0.88,0.88,0.7,0.31,1.1,0.6,0.82,0.68,0.66,1.23,0.82,0.19,0.12,0.2,0.67,1.51,0.91,1.06,0.12,1.19,0.82,0.4,0.42,0.27,0.92,0.6,0.15,0.34,0.28,1.24,1.12,1.06,0.58,0.39,0.35,0.56,0.86,0.43,1.69,0.42,1.36,0.15,0.38,1.28,1.26,0.24,1.26,0.13,0.39,0.94,0.97,0.26,0.34,0.6,0.97,0.8,0.87,0.41,0.23,0.2,0.38,1.22,0.57,1.32,0.6,1.73,0.5,2.02,1.0,0.66,0.17,0.53,1.56,1.06,3.31,0.69,1.28,1.6,1.58,1.34,0.97,0.28,0.32,0.38,0.73,0.56,1.25,0.55,1.43,0.93,0.35,0.43,2.27,1.15,1.59,0.26,1.5,0.62,1.07,0.69
11-06-2025 02:40,0.66,0.24,0.92,1.02,0.4,0.23,0.38,0.73,0.7,0.48,1.08,1.64,1.22,0.62,1.11,0.42,0.56,1.65,1.3,0.9,0.64,0.38,0.88,0.88,0.71,0.31,1.1,0.6,0.82,0.68,0.66,1.23,0.82,0.19,0.12,0.2,0.67,1.51,0.91,1.06,0.12,1.19,0.82,0.4,0.42,0.27,0.92,0.61,0.15,0.34,0.28,1.24,1.12,1.06,0.58,0.39,0.35,0.56,0.86,0.43,1.69,0.42,1.36,0.15,0.38,1.28,1.26,0.24,1.26,0.13,0.39,0.94,0.97,0.26,0.34,0.6,0.97,0.8,0.87,0.41,0.23,0.2,0.38,1.22,0.57,1.32,0.6,1.61,0.5,2.02,0.99,0.66,0.17,0.53,1.56,1.06,3.31,0.7,1.28,1.6,1.58,1.34,0.96,0.28,0.32,0.38,0.73,0.56,1.25,0.55,1.43,0.93,0.35,0.43,2.25,1.15,1.59,0.26,1.5,0.62,1.07,0.69
11-06-2025 02:45,0.68,0.24,0.92,1.02,0.4,0.23,0.38,0.73,0.7,0.48,1.08,1.64,1.22,0.62,1.11,0.42,0.56,1.65,1.3,0.9,0.64,0.38,0.88,0.88,0.71,0.31,1.09,0.6,0.82,0.68,0.66,1.23,0.82,0.19,0.12,0.22,0.67,1.51,0.91,1.06,0.12,1.2,0.82,0.4,0.42,0.27,0.92,0.61,0.15,0.34,0.28,1.24,1.12,1.06,0.58,0.39,0.35,0.56,0.86,0.43,1.69,0.42,1.36,0.15,0.38,1.28,1.26,0.24,1.26,0.14,0.39,0.94,0.97,0.26,0.34,0.6,0.97,0.8,0.87,0.41,0.23,0.2,0.38,1.22,0.57,1.32,0.6,1.54,0.5,2.02,0.99,0.66,0.17,0.53,1.56,1.06,3.31,0.69,1.28,1.6,1.58,1.33,0.96,0.28,0.32,0.38,0.73,0.56,1.25,0.55,1.43,0.93,0.35,0.43,2.25,1.15,1.59,0.26,1.51,0.62,1.07,0.69
11-06-2025 02:50,0.68,0.24,0.92,1.02,0.4,0.23,0.38,0.73,0.7,0.48,1.08,1.64,1.22,0.63,1.11,0.41,0.56,1.65,1.3,0.9,0.64,0.38,0.88,0.88,0.72,0.31,1.09,0.6,0.82,0.68,0.66,1.24,0.82,0.19,0.13,0.19,0.67,1.51,0.91,1.06,0.12,1.2,0.82,0.4,0.42,0.27,0.92,0.61,0.15,0.34,0.28,1.24,1.12,1.06,0.58,0.39,0.35,0.56,0.86,0.43,1.69,0.42,1.36,0.15,0.38,1.28,1.26,0.24,1.27,0.14,0.39,0.94,0.97,0.26,0.34,0.6,0.97,0.8,0.87,0.41,0.23,0.2,0.38,1.22,0.57,1.32,0.6,1.5,0.5,2.02,0.99,0.66,0.17,0.53,1.56,1.07,3.31,0.69,1.27,1.59,1.58,1.32,0.96,0.28,0.32,0.38,0.73,0.56,1.25,0.55,1.43,0.93,0.35,0.43,2.25,1.15,1.59,0.26,1.5,0.62,1.07,0.69
11-06-2025 02:55,0.68,0.24,0.92,1.02,0.4,0.23,0.36,0.73,0.7,0.48,1.08,1.64,1.22,0.63,1.11,0.41,0.56,1.65,1.3,0.9,0.64,0.38,0.88,0.88,0.74,0.31,1.09,0.6,0.82,0.68,0.65,1.25,0.82,0.19,0.13,0.21,0.67,1.51,0.91,1.06,0.11,1.19,0.82,0.4,0.42,0.26,0.92,0.61,0.15,0.34,0.28,1.24,1.12,1.06,0.58,0.39,0.35,0.56,0.86,0.43,1.69,0.42,1.35,0.15,0.38,1.28,1.26,0.24,1.27,0.14,0.39,0.94,0.97,0.26,0.34,0.6,0.97,0.8,0.87,0.41,0.23,0.2,0.38,1.22,0.58,1.32,0.6,1.47,0.5,2.01,0.99,0.66,0.17,0.53,1.56,1.08,3.31,0.69,1.27,1.59,1.58,1.32,0.96,0.28,0.32,0.38,0.73,0.56,1.25,0.55,1.43,0.93,0.35,0.43,2.23,1.15,1.59,0.26,1.5,0.62,1.07,0.69
11-06-2025 03:00,0.68,0.24,0.92,1.02,0.4,0.23,0.37,0.73,0.69,0.48,1.07,1.64,1.22,0.64,1.11,0.42,0.56,1.65,1.3,0.9,0.64,0.38,0.88,0.88,0.76,0.31,1.09,0.6,0.82,0.68,0.65,1.26,0.82,0.19,0.13,0.2,0.67,1.51,0.91,1.06,0.12,1.19,0.81,0.4,0.42,0.27,0.92,0.61,0.15,0.34,0.28,1.24,1.12,1.06,0.58,0.39,0.35,0.56,0.86,0.43,1.69,0.42,1.36,0.15,0.38,1.28,1.26,0.24,1.27,0.13,0.39,0.94,0.97,0.26,0.34,0.6,0.97,0.8,0.87,0.41,0.23,0.2,0.38,1.22,0.58,1.32,0.6,1.47,0.5,2.01,0.99,0.66,0.17,0.53,1.56,1.09,3.31,0.69,1.27,1.59,1.58,1.32,0.95,0.28,0.32,0.38,0.73,0.56,1.25,0.55,1.43,0.93,0.35,0.43,2.23,1.15,1.59,0.26,1.5,0.62,1.07,0.69
11-06-2025 03:05,0.68,0.24,0.92,1.02,0.4,0.23,0.38,0.73,0.7,0.48,1.07,1.64,1.22,0.64,1.11,0.42,0.56,1.65,1.3,0.9,0.64,0.38,0.88,0.88,0.77,0.31,1.09,0.6,0.81,0.68,0.65,1.26,0.82,0.19,0.13,0.2,0.67,1.51,0.91,1.06,0.12,1.19,0.81,0.4,0.42,0.27,0.92,0.61,0.15,0.34,0.28,1.24,1.12,1.06,0.58,0.39,0.35,0.56,0.86,0.43,1.69,0.42,1.35,0.15,0.38,1.28,1.26,0.24,1.27,0.13,0.39,0.94,0.97,0.26,0.34,0.6,0.97,0.79,0.87,0.41,0.23,0.2,0.38,1.22,0.58,1.32,0.6,1.44,0.5,2.0,0.99,0.66,0.17,0.53,1.56,1.1,3.3,0.69,1.27,1.6,1.58,1.32,0.95,0.28,0.32,0.38,0.73,0.56,1.25,0.55,1.43,0.93,0.35,0.43,2.23,1.15,1.59,0.26,1.5,0.62,1.07,0.69
11-06-2025 03:10,0.68,0.24,0.92,1.02,0.4,0.23,0.38,0.73,0.7,0.48,1.08,1.64,1.22,0.65,1.12,0.42,0.56,1.65,1.29,0.9,0.64,0.38,0.88,0.88,0.78,0.31,1.09,0.6,0.81,0.7,0.65,1.26,0.82,0.19,0.13,0.21,0.67,1.51,0.91,1.06,0.12,1.19,0.82,0.4,0.42,0.27,0.92,0.61,0.15,0.34,0.28,1.24,1.12,1.06,0.58,0.39,0.35,0.56,0.86,0.43,1.69,0.42,1.35,0.15,0.38,1.28,1.26,0.24,1.26,0.13,0.39,0.94,0.97,0.26,0.34,0.6,0.97,0.8,0.87,0.41,0.23,0.2,0.38,1.22,0.57,1.32,0.6,1.43,0.5,2.0,1.0,0.66,0.17,0.53,1.56,1.12,3.29,0.68,1.27,1.6,1.58,1.31,0.95,0.28,0.32,0.37,0.73,0.56,1.25,0.55,1.43,0.93,0.35,0.43,2.23,1.15,1.59,0.26,1.5,0.62,1.07,0.69
11-06-2025 03:15,0.68,0.24,0.92,1.02,0.4,0.23,0.37,0.73,0.7,0.48,1.08,1.64,1.22,0.66,1.12,0.42,0.56,1.65,1.29,0.9,0.64,0.38,0.88,0.88,0.78,0.31,1.09,0.6,0.81,0.73,0.65,1.26,0.82,0.18,0.13,0.19,0.67,1.51,0.91,1.06,0.12,1.19,0.82,0.4,0.42,0.26,0.92,0.61,0.15,0.34,0.28,1.24,1.12,1.07,0.58,0.39,0.35,0.56,0.86,0.43,1.69,0.42,1.36,0.15,0.38,1.28,1.26,0.24,1.26,0.13,0.39,0.94,0.97,0.26,0.34,0.6,0.97,0.79,0.87,0.41,0.23,0.2,0.38,1.22,0.58,1.32,0.6,1.43,0.5,2.0,1.0,0.66,0.17,0.53,1.56,1.14,3.29,0.69,1.27,1.6,1.58,1.31,0.94,0.28,0.32,0.37,0.73,0.56,1.25,0.55,1.43,0.93,0.36,0.43,2.23,1.15,1.59,0.26,1.51,0.62,1.07,0.69
11-06-2025 03:20,0.68,0.24,0.92,1.02,0.4,0.23,0.37,0.73,0.7,0.49,1.07,1.64,1.22,0.66,1.11,0.42,0.56,1.65,1.29,0.9,0.64,0.38,0.88,0.88,0.8,0.31,1.09,0.6,0.81,0.78,0.65,1.26,0.82,0.18,0.13,0.19,0.67,1.51,0.91,1.06,0.12,1.19,0.81,0.4,0.42,0.27,0.92,0.61,0.15,0.34,0.28,1.24,1.12,1.08,0.58,0.39,0.35,0.56,0.86,0.43,1.69,0.42,1.36,0.15,0.38,1.28,1.26,0.24,1.26,0.13,0.39,0.94,0.97,0.26,0.34,0.6,0.97,0.8,0.87,0.41,0.23,0.2,0.38,1.22,0.57,1.32,0.6,1.43,0.51,2.0,1.01,0.66,0.17,0.53,1.56,1.16,3.29,0.7,1.27,1.6,1.58,1.31,0.94,0.28,0.32,0.37,0.73,0.56,1.25,0.55,1.43,0.93,0.36,0.43,2.23,1.15,1.59,0.26,1.51,0.62,1.07,0.69
11-06-2025 03:25,0.68,0.24,0.92,1.02,0.41,0.23,0.36,0.73,0.7,0.48,1.07,1.64,1.22,0.66,1.12,0.42,0.56,1.65,1.29,0.9,0.64,0.38,0.88,0.88,0.8,0.31,1.09,0.6,0.81,0.81,0.65,1.26,0.82,0.18,0.13,0.21,0.67,1.51,0.91,1.06,0.12,1.19,0.81,0.4,0.42,0.27,0.92,0.61,0.15,0.34,0.28,1.24,1.12,1.08,0.58,0.39,0.35,0.56,0.86,0.43,1.69,0.42,1.36,0.15,0.38,1.28,1.26,0.24,1.26,0.13,0.39,0.94,0.97,0.26,0.34,0.6,0.97,0.8,0.87,0.41,0.23,0.2,0.38,1.22,0.57,1.32,0.6,1.43,0.51,2.0,1.01,0.66,0.17,0.53,1.56,1.17,3.29,0.69,1.27,1.6,1.58,1.31,0.94,0.28,0.32,0.37,0.73,0.56,1.25,0.55,1.43,0.93,0.35,0.43,2.23,1.15,1.59,0.26,1.5,0.62,1.07,0.69
11-06-2025 03:30,0.68,0.24,0.92,1.02,0.4,0.23,0.37,0.73,0.7,0.49,1.08,1.64,1.22,0.66,1.12,0.42,0.56,1.65,1.28,0.9,0.64,0.38,0.88,0.88,0.8,0.31,1.09,0.6,0.81,0.83,0.65,1.26,0.82,0.18,0.13,0.2,0.67,1.51,0.91,1.06,0.12,1.19,0.81,0.4,0.42,0.27,0.92,0.61,0.15,0.34,0.28,1.24,1.12,1.08,0.58,0.39,0.35,0.56,0.86,0.43,1.69,0.42,1.36,0.15,0.38,1.28,1.26,0.24,1.26,0.13,0.39,0.94,0.97,0.26,0.34,0.6,0.97,0.8,0.87,0.41,0.23,0.2,0.38,1.22,0.58,1.32,0.6,1.43,0.5,2.0,1.02,0.66,0.17,0.53,1.56,1.18,3.29,0.69,1.27,1.6,1.58,1.31,0.94,0.28,0.32,0.37,0.73,0.56,1.25,0.55,1.43,0.93,0.36,0.43,2.23,1.15,1.59,0.26,1.5,0.62,1.07,0.69
11-06-2025 03:35,0.7,0.24,0.92,1.02,0.4,0.23,0.37,0.73,0.7,0.48,1.07,1.64,1.22,0.66,1.12,0.42,0.56,1.65,1.28,0.9,0.64,0.38,0.88,0.88,0.8,0.31,1.09,0.6,0.81,0.83,0.65,1.26,0.82,0.18,0.13,0.21,0.67,1.51,0.91,1.06,0.11,1.19,0.8,0.4,0.42,0.27,0.92,0.61,0.15,0.34,0.28,1.24,1.12,1.08,0.58,0.39,0.35,0.56,0.86,0.43,1.69,0.42,1.36,0.15,0.38,1.28,1.26,0.24,1.26,0.13,0.39,0.94,0.97,0.26,0.34,0.6,0.97,0.8,0.87,0.41,0.23,0.2,0.38,1.22,0.58,1.32,0.6,1.42,0.5,2.0,1.03,0.66,0.17,0.53,1.56,1.19,3.28,0.69,1.27,1.6,1.58,1.3,0.94,0.28,0.32,0.37,0.73,0.56,1.25,0.55,1.43,0.93,0.36,0.43,2.23,1.15,1.59,0.26,1.5,0.62,1.07,0.69
11-06-2025 03:40,0.68,0.24,0.92,1.02,0.4,0.23,0.38,0.73,0.7,0.48,1.07,1.64,1.22,0.66,1.12,0.42,0.56,1.65,1.29,0.9,0.64,0.38,0.88,0.88,0.8,0.31,1.09,0.6,0.81,0.83,0.65,1.26,0.82,0.19,0.13,0.18,0.67,1.51,0.91,1.06,0.11,1.19,0.81,0.4,0.42,0.27,0.92,0.61,0.15,0.34,0.28,1.24,1.12,1.08,0.58,0.39,0.35,0.56,0.85,0.43,1.69,0.42,1.36,0.15,0.38,1.28,1.26,0.24,1.26,0.13,0.39,0.94,0.97,0.26,0.34,0.6,0.96,0.8,0.87,0.41,0.23,0.2,0.38,1.22,0.57,1.32,0.6,1.43,0.5,2.0,1.03,0.66,0.17,0.53,1.56,1.19,3.28,0.69,1.28,1.61,1.58,1.3,0.94,0.28,0.32,0.37,0.73,0.56,1.25,0.55,1.43,0.93,0.36,0.43,2.23,1.15,1.59,0.26,1.5,0.62,1.07,0.69
11-06-2025 03:45,0.68,0.24,0.92,1.02,0.4,0.23,0.38,0.73,0.7,0.48,1.08,1.64,1.22,0.66,1.12,0.42,0.56,1.65,1.29,0.9,0.64,0.38,0.88,0.88,0.8,0.31,1.09,0.6,0.81,0.83,0.65,1.26,0.82,0.19,0.13,0.2,0.67,1.51,0.91,1.06,0.11,1.19,0.81,0.4,0.42,0.27,0.92,0.61,0.15,0.34,0.28,1.24,1.12,1.07,0.58,0.39,0.35,0.56,0.86,0.43,1.69,0.42,1.36,0.15,0.38,1.28,1.26,0.24,1.26,0.13,0.39,0.94,0.97,0.26,0.34,0.6,0.97,0.8,0.87,0.41,0.23,0.2,0.38,1.22,0.58,1.32,0.6,1.43,0.5,2.0,1.04,0.66,0.17,0.53,1.56,1.2,3.29,0.69,1.28,1.64,1.58,1.3,0.94,0.28,0.32,0.37,0.73,0.56,1.25,0.55,1.43,0.93,0.36,0.43,2.23,1.15,1.59,0.26,1.51,0.62,1.07,0.69
11-06-2025 03:50,0.68,0.24,0.92,1.02,0.4,0.23,0.37,0.73,0.7,0.49,1.07,1.64,1.22,0.65,1.12,0.42,0.56,1.65,1.29,0.9,0.64,0.38,0.88,0.88,0.8,0.31,1.09,0.59,0.81,0.83,0.65,1.26,0.82,0.19,0.13,0.2,0.67,1.51,0.91,1.06,0.12,1.19,0.8,0.4,0.42,0.27,0.92,0.61,0.15,0.34,0.28,1.24,1.12,1.07,0.58,0.39,0.35,0.56,0.85,0.43,1.69,0.42,1.36,0.15,0.38,1.28,1.26,0.24,1.26,0.13,0.39,0.94,0.97,0.26,0.34,0.6,0.97,0.8,0.87,0.41,0.23,0.2,0.38,1.22,0.58,1.32,0.6,1.43,0.5,1.99,1.05,0.66,0.17,0.53,1.56,1.2,3.28,0.7,1.28,1.64,1.58,1.3,0.93,0.28,0.32,0.37,0.73,0.56,1.25,0.55,1.43,0.93,0.36,0.43,2.23,1.15,1.59,0.26,1.5,0.62,1.07,0.69
11-06-2025 03:55,0.68,0.24,0.92,1.02,0.4,0.23,0.38,0.73,0.7,0.49,1.08,1.64,1.22,0.64,1.12,0.42,0.56,1.65,1.29,0.9,0.64,0.38,0.88,0.88,0.8,0.31,1.09,0.59,0.81,0.83,0.65,1.27,0.82,0.19,0.13,0.21,0.67,1.51,0.91,1.06,0.12,1.19,0.8,0.4,0.42,0.27,0.92,0.61,0.15,0.34,0.28,1.24,1.12,1.06,0.58,0.39,0.35,0.56,0.85,0.43,1.69,0.42,1.36,0.15,0.38,1.28,1.26,0.24,1.26,0.13,0.39,0.94,0.97,0.26,0.34,0.6,0.97,0.8,0.87,0.41,0.23,0.2,0.38,1.22,0.58,1.32,0.6,1.47,0.5,2.0,1.05,0.66,0.17,0.53,1.56,1.2,3.28,0.7,1.28,1.64,1.58,1.3,0.93,0.28,0.32,0.37,0.73,0.56,1.25,0.55,1.43,0.93,0.36,0.43,2.23,1.15,1.59,0.26,1.51,0.62,1.07,0.69
11-06-2025 04:00,0.68,0.24,0.92,1.02,0.4,0.24,0.38,0.73,0.7,0.48,1.08,1.64,1.22,0.64,1.12,0.42,0.56,1.65,1.29,0.9,0.64,0.38,0.88,0.88,0.8,0.31,1.09,0.59,0.81,0.82,0.65,1.27,0.82,0.19,0.13,0.2,0.67,1.51,0.91,1.06,0.12,1.19,0.8,0.4,0.42,0.27,0.92,0.61,0.15,0.34,0.28,1.24,1.12,1.06,0.58,0.39,0.35,0.56,0.85,0.43,1.69,0.42,1.35,0.15,0.38,1.28,1.26,0.24,1.26,0.13,0.39,0.94,0.97,0.26,0.34,0.6,0.97,0.8,0.87,0.4,0.23,0.2,0.38,1.22,0.58,1.32,0.6,1.46,0.5,2.0,1.06,0.66,0.17,0.53,1.56,1.2,3.28,0.69,1.28,1.64,1.58,1.3,0.92,0.28,0.32,0.37,0.73,0.56,1.25,0.55,1.43,0.93,0.36,0.43,2.23,1.15,1.59,0.26,1.5,0.62,1.07,0.69
11-06-2025 04:05,0.68,0.24,0.91,1.02,0.4,0.23,0.38,0.73,0.7,0.48,1.08,1.64,1.22,0.64,1.12,0.42,0.56,1.65,1.3,0.9,0.64,0.38,0.88,0.88,0.81,0.31,1.09,0.58,0.81,0.81,0.65,1.26,0.82,0.19,0.13,0.2,0.67,1.51,0.91,1.06,0.12,1.19,0.8,0.4,0.42,0.27,0.92,0.61,0.15,0.34,0.28,1.24,1.12,1.06,0.58,0.39,0.35,0.56,0.85,0.43,1.69,0.42,1.35,0.15,0.38,1.28,1.26,0.24,1.26,0.13,0.39,0.94,0.97,0.26,0.34,0.6,0.97,0.8,0.87,0.41,0.23,0.2,0.38,1.22,0.57,1.32,0.6,1.43,0.5,1.99,1.07,0.66,0.17,0.53,1.56,1.19,3.28,0.7,1.28,1.66,1.58,1.3,0.92,0.28,0.32,0.37,0.73,0.56,1.25,0.55,1.43,0.93,0.36,0.43,2.23,1.15,1.59,0.26,1.5,0.62,1.07,0.69
11-06-2025 04:10,0.68,0.24,0.91,1.02,0.4,0.24,0.38,0.73,0.7,0.48,1.07,1.64,1.22,0.64,1.12,0.42,0.56,1.65,1.3,0.9,0.64,0.38,0.88,0.88,0.82,0.31,1.09,0.58,0.81,0.81,0.65,1.26,0.82,0.19,0.13,0.2,0.67,1.51,0.91,1.06,0.12,1.18,0.8,0.4,0.42,0.27,0.92,0.61,0.15,0.35,0.28,1.25,1.12,1.06,0.58,0.39,0.35,0.56,0.85,0.43,1.69,0.42,1.35,0.15,0.38,1.28,1.26,0.24,1.26,0.13,0.39,0.94,0.97,0.26,0.34,0.6,0.97,0.8,0.87,0.41,0.23,0.2,0.38,1.22,0.57,1.32,0.6,1.43,0.5,1.99,1.07,0.66,0.17,0.53,1.56,1.2,3.28,0.69,1.29,1.67,1.58,1.3,0.92,0.28,0.32,0.37,0.73,0.56,1.25,0.55,1.43,0.93,0.36,0.43,2.23,1.15,1.59,0.26,1.5,0.62,1.07,0.69
11-06-2025 04:15,0.68,0.24,0.92,1.02,0.4,0.24,0.38,0.72,0.7,0.48,1.07,1.64,1.22,0.63,1.12,0.42,0.56,1.65,1.3,0.9,0.64,0.38,0.88,0.88,0.82,0.31,1.09,0.58,0.81,0.81,0.64,1.27,0.82,0.19,0.13,0.19,0.67,1.51,0.91,1.06,0.12,1.19,0.8,0.4,0.42,0.27,0.92,0.61,0.15,0.35,0.28,1.25,1.12,1.05,0.58,0.39,0.35,0.56,0.85,0.43,1.69,0.42,1.36,0.15,0.38,1.28,1.26,0.24,1.26,0.13,0.39,0.94,0.97,0.26,0.34,0.6,0.96,0.8,0.87,0.41,0.23,0.2,0.38,1.22,0.58,1.32,0.6,1.43,0.5,1.99,1.07,0.66,0.17,0.53,1.56,1.2,3.28,0.7,1.29,1.67,1.58,1.3,0.92,0.28,0.32,0.37,0.73,0.56,1.25,0.55,1.43,0.93,0.36,0.43,2.23,1.15,1.59,0.26,1.5,0.62,1.07,0.69
11-06-2025 04:20,0.68,0.24,0.91,1.02,0.4,0.23,0.38,0.73,0.7,0.48,1.08,1.64,1.22,0.63,1.12,0.42,0.56,1.65,1.3,0.9,0.64,0.36,0.88,0.88,0.82,0.31,1.09,0.58,0.81,0.81,0.64,1.26,0.82,0.19,0.13,0.21,0.67,1.51,0.91,1.06,0.12,1.19,0.8,0.4,0.42,0.27,0.92,0.61,0.15,0.34,0.28,1.25,1.12,1.04,0.58,0.39,0.35,0.56,0.85,0.43,1.69,0.42,1.36,0.15,0.38,1.28,1.26,0.24,1.25,0.13,0.39,0.94,0.97,0.26,0.34,0.6,0.97,0.8,0.87,0.41,0.23,0.2,0.38,1.22,0.58,1.32,0.6,1.43,0.5,1.99,1.07,0.66,0.17,0.53,1.56,1.2,3.29,0.7,1.29,1.67,1.58,1.3,0.92,0.28,0.32,0.37,0.73,0.56,1.25,0.55,1.43,0.93,0.36,0.43,2.23,1.15,1.59,0.26,1.5,0.62,1.07,0.69
11-06-2025 04:25,0.68,0.24,0.92,1.01,0.41,0.23,0.38,0.73,0.7,0.48,1.08,1.64,1.22,0.63,1.12,0.42,0.56,1.65,1.3,0.9,0.64,0.38,0.88,0.88,0.82,0.31,1.09,0.58,0.81,0.81,0.64,1.26,0.82,0.19,0.13,0.21,0.67,1.51,0.91,1.06,0.12,1.19,0.8,0.4,0.42,0.27,0.92,0.61,0.15,0.35,0.28,1.25,1.12,1.04,0.58,0.39,0.35,0.56,0.85,0.43,1.69,0.42,1.36,0.15,0.38,1.28,1.26,0.24,1.25,0.13,0.39,0.94,0.97,0.26,0.34,0.6,0.96,0.8,0.87,0.41,0.23,0.2,0.38,1.22,0.57,1.32,0.61,1.4,0.5,1.98,1.07,0.66,0.17,0.53,1.56,1.21,3.29,0.7,1.3,1.67,1.58,1.3,0.92,0.28,0.32,0.37,0.73,0.56,1.25,0.55,1.43,0.93,0.36,0.43,2.23,1.15,1.59,0.26,1.5,0.62,1.07,0.69
11-06-2025 04:30,0.68,0.26,0.91,1.02,0.41,0.23,0.38,0.73,0.7,0.48,1.08,1.64,1.22,0.63,1.12,0.42,0.56,1.65,1.3,0.9,0.64,0.38,0.88,0.88,0.82,0.31,1.09,0.58,0.81,0.81,0.64,1.26,0.82,0.19,0.13,0.2,0.67,1.51,0.91,1.06,0.12,1.19,0.8,0.4,0.42,0.27,0.92,0.61,0.15,0.35,0.28,1.25,1.12,1.04,0.58,0.39,0.35,0.56,0.85,0.43,1.69,0.42,1.36,0.15,0.38,1.28,1.26,0.24,1.25,0.13,0.39,0.94,0.97,0.26,0.34,0.6,0.96,0.8,0.87,0.41,0.23,0.2,0.38,1.22,0.58,1.32,0.62,1.39,0.5,1.98,1.08,0.66,0.17,0.53,1.57,1.21,3.29,0.7,1.3,1.67,1.58,1.3,0.92,0.28,0.32,0.37,0.73,0.56,1.25,0.55,1.43,0.93,0.36,0.43,2.23,1.15,1.59,0.26,1.5,0.62,1.07,0.69
11-06-2025 04:35,0.66,0.24,0.91,1.02,0.41,0.23,0.38,0.73,0.7,0.48,1.08,1.64,1.22,0.63,1.12,0.42,0.56,1.65,1.3,0.9,0.64,0.38,0.88,0.88,0.82,0.31,1.09,0.58,0.81,0.81,0.64,1.26,0.82,0.18,0.13,0.2,0.67,1.51,0.91,1.06,0.12,1.19,0.8,0.4,0.42,0.27,0.92,0.61,0.15,0.35,0.28,1.25,1.12,1.04,0.58,0.39,0.35,0.56,0.85,0.43,1.69,0.42,1.36,0.15,0.38,1.28,1.26,0.24,1.25,0.14,0.39,0.94,0.97,0.26,0.34,0.59,0.96,0.8,0.86,0.4,0.23,0.2,0.38,1.22,0.58,1.32,0.62,1.41,0.5,1.97,1.08,0.66,0.17,0.53,1.56,1.21,3.29,0.71,1.3,1.67,1.58,1.3,0.92,0.28,0.32,0.37,0.73,0.56,1.25,0.55,1.43,0.93,0.37,0.43,2.23,1.15,1.59,0.26,1.5,0.62,1.07,0.69
11-06-2025 04:40,0.68,0.24,0.91,1.02,0.41,0.23,0.38,0.73,0.7,0.48,1.07,1.64,1.22,0.63,1.12,0.42,0.56,1.65,1.3,0.9,0.64,0.36,0.88,0.88,0.82,0.31,1.09,0.58,0.81,0.81,0.64,1.26,0.82,0.19,0.13,0.19,0.67,1.51,0.91,1.06,0.12,1.19,0.8,0.4,0.42,0.27,0.92,0.61,0.15,0.35,0.28,1.25,1.12,1.04,0.58,0.39,0.35,0.56,0.85,0.43,1.69,0.42,1.36,0.15,0.38,1.28,1.26,0.24,1.25,0.14,0.39,0.94,0.97,0.26,0.34,0.6,0.96,0.8,0.86,0.39,0.23,0.2,0.38,1.22,0.57,1.32,0.62,1.43,0.5,1.95,1.08,0.66,0.17,0.53,1.56,1.23,3.3,0.72,1.3,1.67,1.58,1.3,0.92,0.28,0.32,0.37,0.73,0.56,1.25,0.55,1.43,0.93,0.36,0.43,2.21,1.15,1.59,0.26,1.5,0.62,1.07,0.69
11-06-2025 04:45,0.68,0.26,0.91,1.02,0.41,0.23,0.38,0.73,0.7,0.48,1.07,1.64,1.22,0.62,1.11,0.42,0.56,1.65,1.3,0.9,0.64,0.36,0.89,0.89,0.82,0.31,1.09,0.58,0.81,0.81,0.64,1.26,0.82,0.19,0.13,0.2,0.67,1.51,0.91,1.06,0.12,1.19,0.8,0.4,0.42,0.27,0.92,0.61,0.15,0.34,0.28,1.25,1.12,1.03,0.58,0.39,0.35,0.56,0.85,0.43,1.69,0.42,1.36,0.15,0.38,1.28,1.26,0.24,1.25,0.14,0.39,0.94,0.97,0.26,0.34,0.6,0.96,0.8,0.86,0.39,0.23,0.2,0.38,1.22,0.57,1.32,0.61,1.43,0.5,1.94,1.08,0.66,0.17,0.53,1.56,1.26,3.31,0.72,1.3,1.67,1.58,1.3,0.92,0.28,0.32,0.37,0.73,0.56,1.25,0.55,1.43,0.93,0.36,0.43,2.23,1.15,1.59,0.26,1.5,0.62,1.07,0.69
11-06-2025 04:50,0.68,0.24,0.91,1.01,0.41,0.23,0.38,0.73,0.7,0.48,1.08,1.64,1.22,0.62,1.11,0.42,0.56,1.65,1.3,0.9,0.64,0.36,0.89,0.89,0.82,0.31,1.09,0.58,0.81,0.81,0.64,1.26,0.82,0.18,0.13,0.2,0.67,1.51,0.91,1.06,0.12,1.19,0.8,0.4,0.42,0.27,0.92,0.61,0.16,0.34,0.28,1.25,1.12,1.03,0.58,0.39,0.35,0.56,0.85,0.43,1.7,0.42,1.35,0.15,0.38,1.28,1.26,0.24,1.25,0.14,0.39,0.94,0.97,0.26,0.34,0.6,0.96,0.8,0.86,0.4,0.23,0.2,0.38,1.22,0.57,1.32,0.6,1.48,0.5,1.92,1.08,0.66,0.17,0.53,1.56,1.32,3.31,0.73,1.3,1.67,1.58,1.3,0.92,0.28,0.32,0.37,0.73,0.56,1.25,0.55,1.43,0.93,0.36,0.43,2.21,1.15,1.59,0.26,1.5,0.62,1.07,0.69
11-06-2025 04:55,0.66,0.24,0.92,1.02,0.41,0.23,0.37,0.73,0.7,0.48,1.07,1.64,1.22,0.62,1.11,0.41,0.56,1.65,1.3,0.9,0.64,0.38,0.89,0.89,0.82,0.31,1.09,0.58,0.8,0.81,0.64,1.26,0.82,0.18,0.13,0.2,0.67,1.51,0.91,1.06,0.12,1.19,0.8,0.4,0.42,0.27,0.92,0.61,0.16,0.34,0.28,1.25,1.12,1.04,0.58,0.39,0.35,0.56,0.85,0.43,1.7,0.42,1.36,0.15,0.38,1.28,1.26,0.24,1.25,0.14,0.39,0.94,0.97,0.26,0.34,0.6,0.96,0.8,0.86,0.41,0.23,0.2,0.38,1.22,0.57,1.32,0.6,1.56,0.5,1.9,1.08,0.66,0.17,0.53,1.56,1.39,3.31,0.73,1.3,1.67,1.58,1.3,0.92,0.28,0.32,0.37,0.73,0.56,1.25,0.55,1.43,0.93,0.37,0.43,2.21,1.15,1.59,0.26,1.5,0.62,1.07,0.69
11-06-2025 05:00,0.66,0.26,0.92,1.02,0.41,0.23,0.37,0.73,0.7,0.48,1.07,1.64,1.22,0.62,1.11,0.42,0.56,1.65,1.3,0.9,0.64,0.36,0.89,0.89,0.8,0.31,1.09,0.58,0.8,0.81,0.63,1.26,0.82,0.18,0.13,0.2,0.66,1.52,0.91,1.06,0.12,1.19,0.8,0.4,0.42,0.27,0.92,0.61,0.15,0.34,0.28,1.25,1.12,1.03,0.58,0.39,0.35,0.56,0.85,0.43,1.69,0.42,1.35,0.15,0.38,1.28,1.26,0.24,1.25,0.14,0.39,0.94,0.97,0.26,0.34,0.6,0.96,0.8,0.86,0.41,0.23,0.19,0.38,1.22,0.57,1.32,0.6,1.51,0.51,1.88,1.07,0.66,0.17,0.53,1.56,1.44,3.33,0.73,1.3,1.67,1.58,1.3,0.92,0.28,0.32,0.37,0.73,0.56,1.25,0.55,1.43,0.93,0.36,0.43,2.23,1.15,1.59,0.26,1.5,0.62,1.07,0.69
11-06-2025 05:05,0.68,0.26,0.92,1.02,0.41,0.23,0.38,0.73,0.7,0.48,1.07,1.64,1.22,0.62,1.11,0.42,0.56,1.65,1.29,0.9,0.64,0.38,0.89,0.89,0.8,0.31,1.09,0.58,0.8,0.81,0.63,1.26,0.82,0.18,0.13,0.19,0.67,1.52,0.91,1.06,0.12,1.19,0.8,0.4,0.42,0.27,0.92,0.61,0.16,0.34,0.28,1.25,1.12,1.04,0.58,0.39,0.35,0.56,0.85,0.43,1.69,0.42,1.35,0.15,0.38,1.29,1.26,0.24,1.25,0.14,0.39,0.94,0.97,0.26,0.34,0.6,0.96,0.8,0.86,0.41,0.23,0.19,0.38,1.22,0.57,1.32,0.6,1.47,0.52,1.85,1.07,0.66,0.17,0.53,1.56,1.47,3.33,0.73,1.3,1.67,1.58,1.3,0.92,0.28,0.32,0.37,0.73,0.56,1.25,0.55,1.43,0.93,0.37,0.43,2.21,1.15,1.59,0.26,1.5,0.62,1.07,0.69
11-06-2025 05:10,0.68,0.26,0.92,1.01,0.41,0.23,0.38,0.73,0.7,0.48,1.08,1.64,1.22,0.62,1.11,0.42,0.56,1.65,1.29,0.9,0.64,0.36,0.89,0.89,0.8,0.31,1.09,0.57,0.8,0.81,0.63,1.26,0.82,0.18,0.14,0.2,0.67,1.52,0.91,1.06,0.12,1.2,0.8,0.4,0.42,0.27,0.92,0.61,0.16,0.34,0.28,1.26,1.12,1.05,0.58,0.39,0.35,0.56,0.85,0.44,1.69,0.42,1.36,0.15,0.38,1.28,1.26,0.24,1.25,0.13,0.39,0.94,0.97,0.26,0.34,0.6,0.96,0.8,0.86,0.41,0.23,0.19,0.38,1.22,0.57,1.32,0.6,1.43,0.51,1.83,1.07,0.66,0.17,0.53,1.56,1.47,3.33,0.73,1.3,1.67,1.58,1.3,0.92,0.28,0.32,0.36,0.73,0.56,1.25,0.55,1.43,0.93,0.37,0.43,2.23,1.15,1.59,0.26,1.5,0.62,1.07,0.69
11-06-2025 05:15,0.68,0.24,0.93,1.02,0.41,0.23,0.37,0.73,0.7,0.48,1.07,1.64,1.22,0.62,1.11,0.42,0.56,1.65,1.29,0.9,0.64,0.36,0.89,0.89,0.8,0.31,1.09,0.57,0.8,0.81,0.63,1.25,0.82,0.18,0.14,0.2,0.67,1.51,0.91,1.06,0.12,1.19,0.8,0.4,0.42,0.27,0.92,0.61,0.16,0.34,0.28,1.25,1.12,1.05,0.58,0.39,0.35,0.56,0.85,0.44,1.69,0.42,1.36,0.15,0.38,1.28,1.26,0.24,1.25,0.13,0.39,0.94,0.97,0.26,0.34,0.6,0.97,0.8,0.86,0.41,0.23,0.19,0.38,1.22,0.57,1.32,0.6,1.43,0.51,1.81,1.07,0.66,0.17,0.53,1.56,1.47,3.33,0.73,1.3,1.67,1.58,1.3,0.92,0.28,0.32,0.36,0.73,0.56,1.25,0.55,1.43,0.93,0.37,0.43,2.23,1.15,1.59,0.26,1.5,0.62,1.07,0.69
11-06-2025 05:20,0.66,0.24,0.93,1.02,0.41,0.23,0.37,0.73,0.7,0.48,1.08,1.64,1.22,0.62,1.11,0.42,0.56,1.65,1.29,0.9,0.64,0.36,0.89,0.89,0.8,0.31,1.09,0.57,0.8,0.81,0.63,1.26,0.82,0.18,0.14,0.2,0.67,1.51,0.91,1.06,0.12,1.19,0.8,0.4,0.42,0.26,0.92,0.61,0.16,0.34,0.28,1.26,1.12,1.04,0.58,0.39,0.35,0.56,0.85,0.44,1.69,0.42,1.36,0.15,0.38,1.28,1.26,0.24,1.25,0.13,0.39,0.94,0.97,0.26,0.34,0.6,0.96,0.8,0.86,0.41,0.23,0.19,0.38,1.22,0.57,1.32,0.6,1.43,0.51,1.79,1.07,0.66,0.17,0.53,1.57,1.45,3.34,0.73,1.3,1.67,1.58,1.3,0.92,0.28,0.32,0.36,0.73,0.56,1.25,0.55,1.43,0.93,0.37,0.43,2.23,1.15,1.59,0.26,1.5,0.62,1.07,0.69
11-06-2025 05:25,0.66,0.24,0.93,1.01,0.41,0.23,0.36,0.73,0.7,0.48,1.07,1.64,1.22,0.62,1.11,0.41,0.56,1.65,1.29,0.9,0.64,0.36,0.89,0.89,0.8,0.31,1.09,0.57,0.8,0.81,0.63,1.26,0.82,0.18,0.14,0.19,0.67,1.51,0.91,1.06,0.12,1.19,0.8,0.4,0.42,0.27,0.92,0.61,0.16,0.34,0.28,1.26,1.12,1.04,0.58,0.39,0.35,0.56,0.85,0.44,1.69,0.42,1.36,0.15,0.38,1.29,1.26,0.24,1.25,0.13,0.39,0.94,0.97,0.26,0.34,0.59,0.96,0.8,0.85,0.41,0.23,0.19,0.38,1.22,0.57,1.32,0.6,1.46,0.51,1.77,1.07,0.66,0.17,0.53,1.57,1.43,3.35,0.73,1.3,1.67,1.58,1.3,0.92,0.28,0.32,0.37,0.73,0.56,1.25,0.55,1.43,0.93,0.37,0.43,2.21,1.15,1.59,0.26,1.5,0.62,1.07,0.69
11-06-2025 05:30,0.68,0.24,0.93,1.01,0.41,0.23,0.38,0.73,0.7,0.48,1.08,1.64,1.22,0.62,1.12,0.42,0.56,1.65,1.28,0.9,0.64,0.36,0.89,0.89,0.8,0.31,1.09,0.57,0.8,0.81,0.63,1.26,0.82,0.19,0.14,0.22,0.67,1.51,0.91,1.06,0.12,1.19,0.8,0.4,0.42,0.26,0.92,0.61,0.16,0.34,0.28,1.26,1.12,1.04,0.58,0.39,0.35,0.56,0.86,0.44,1.69,0.42,1.36,0.15,0.38,1.28,1.26,0.24,1.25,0.13,0.39,0.94,0.97,0.26,0.34,0.6,0.96,0.8,0.85,0.41,0.23,0.19,0.38,1.22,0.57,1.32,0.6,1.45,0.51,1.75,1.07,0.66,0.17,0.53,1.57,1.4,3.35,0.73,1.3,1.67,1.58,1.3,0.92,0.28,0.32,0.37,0.73,0.56,1.25,0.55,1.43,0.93,0.37,0.43,2.21,1.15,1.59,0.26,1.5,0.62,1.07,0.69
11-06-2025 05:35,0.68,0.24,0.93,1.01,0.41,0.23,0.37,0.73,0.7,0.48,1.07,1.64,1.22,0.62,1.11,0.42,0.56,1.65,1.27,0.9,0.64,0.36,0.89,0.89,0.79,0.31,1.09,0.57,0.8,0.81,0.63,1.26,0.82,0.19,0.14,0.2,0.67,1.51,0.91,1.06,0.12,1.19,0.8,0.4,0.42,0.26,0.92,0.62,0.16,0.35,0.28,1.26,1.12,1.04,0.58,0.39,0.35,0.56,0.86,0.43,1.69,0.42,1.36,0.15,0.38,1.28,1.26,0.24,1.24,0.13,0.39,0.94,0.97,0.26,0.34,0.6,0.96,0.8,0.85,0.4,0.23,0.19,0.38,1.22,0.57,1.32,0.6,1.43,0.51,1.73,1.07,0.66,0.17,0.53,1.57,1.36,3.35,0.73,1.3,1.67,1.58,1.3,0.92,0.28,0.32,0.37,0.73,0.56,1.25,0.55,1.43,0.93,0.37,0.43,2.21,1.15,1.59,0.26,1.5,0.62,1.07,0.69
11-06-2025 05:40,0.68,0.24,0.92,1.02,0.41,0.23,0.36,0.73,0.7,0.48,1.08,1.64,1.22,0.62,1.11,0.42,0.56,1.65,1.28,0.9,0.64,0.36,0.89,0.89,0.79,0.31,1.09,0.57,0.8,0.81,0.63,1.25,0.82,0.19,0.14,0.19,0.67,1.52,0.9,1.06,0.12,1.19,0.8,0.4,0.42,0.26,0.92,0.61,0.16,0.34,0.28,1.26,1.12,1.04,0.58,0.39,0.35,0.56,0.86,0.43,1.69,0.42,1.36,0.15,0.38,1.28,1.26,0.24,1.24,0.13,0.39,0.94,0.97,0.26,0.34,0.6,0.96,0.8,0.85,0.4,0.23,0.19,0.38,1.22,0.57,1.32,0.6,1.43,0.51,1.72,1.07,0.66,0.17,0.53,1.58,1.33,3.35,0.73,1.3,1.67,1.58,1.3,0.91,0.28,0.32,0.37,0.73,0.56,1.25,0.55,1.43,0.93,0.37,0.43,2.23,1.15,1.59,0.26,1.5,0.62,1.07,0.69
11-06-2025 05:45,0.66,0.24,0.93,1.01,0.41,0.23,0.37,0.73,0.7,0.48,1.07,1.64,1.22,0.62,1.11,0.42,0.56,1.65,1.28,0.9,0.64,0.36,0.89,0.89,0.8,0.31,1.09,0.57,0.8,0.81,0.63,1.25,0.82,0.18,0.14,0.2,0.66,1.52,0.9,1.06,0.12,1.19,0.8,0.4,0.42,0.26,0.92,0.62,0.16,0.35,0.28,1.26,1.12,1.04,0.58,0.39,0.35,0.56,0.86,0.43,1.69,0.42,1.36,0.15,0.38,1.28,1.26,0.24,1.24,0.13,0.39,0.94,0.97,0.26,0.34,0.6,0.96,0.8,0.85,0.4,0.23,0.19,0.38,1.22,0.57,1.32,0.6,1.43,0.51,1.7,1.07,0.66,0.17,0.53,1.58,1.31,3.35,0.73,1.3,1.67,1.58,1.3,0.91,0.28,0.32,0.37,0.73,0.56,1.25,0.55,1.43,0.93,0.37,0.43,2.21,1.15,1.59,0.26,1.5,0.62,1.07,0.69
11-06-2025 05:50,0.66,0.24,0.93,1.01,0.41,0.23,0.36,0.73,0.7,0.48,1.08,1.64,1.22,0.61,1.11,0.42,0.56,1.65,1.29,0.9,0.64,0.38,0.89,0.89,0.79,0.31,1.09,0.57,0.8,0.81,0.62,1.25,0.82,0.18,0.14,0.19,0.67,1.52,0.9,1.06,0.12,1.19,0.8,0.4,0.42,0.26,0.92,0.62,0.16,0.35,0.28,1.26,1.12,1.04,0.58,0.39,0.35,0.56,0.85,0.43,1.69,0.42,1.35,0.15,0.38,1.29,1.26,0.24,1.24,0.13,0.39,0.94,0.97,0.26,0.34,0.6,0.96,0.8,0.85,0.4,0.23,0.19,0.38,1.22,0.57,1.32,0.6,1.41,0.51,1.69,1.07,0.66,0.17,0.53,1.58,1.29,3.35,0.73,1.3,1.67,1.58,1.3,0.92,0.28,0.32,0.37,0.73,0.56,1.25,0.55,1.43,0.93,0.37,0.43,2.21,1.15,1.59,0.26,1.5,0.62,1.07,0.69
11-06-2025 05:55,0.68,0.24,0.93,1.01,0.41,0.23,0.38,0.73,0.7,0.48,1.07,1.64,1.22,0.62,1.11,0.42,0.56,1.65,1.29,0.9,0.64,0.36,0.89,0.89,0.79,0.31,1.09,0.56,0.8,0.81,0.62,1.25,0.82,0.19,0.14,0.2,0.67,1.52,0.9,1.06,0.12,1.19,0.8,0.4,0.42,0.26,0.92,0.62,0.16,0.35,0.28,1.26,1.12,1.04,0.58,0.39,0.35,0.56,0.85,0.43,1.69,0.42,1.36,0.15,0.38,1.28,1.26,0.24,1.24,0.13,0.39,0.94,0.97,0.26,0.34,0.6,0.96,0.8,0.85,0.4,0.23,0.19,0.38,1.22,0.57,1.32,0.6,1.39,0.51,1.68,1.07,0.66,0.17,0.53,1.58,1.28,3.36,0.73,1.3,1.67,1.58,1.3,0.91,0.28,0.32,0.37,0.73,0.56,1.25,0.55,1.43,0.94,0.37,0.43,2.21,1.15,1.59,0.26,1.5,0.62,1.07,0.69
11-06-2025 06:00,0.68,0.24,0.93,1.01,0.41,0.24,0.37,0.73,0.7,0.48,1.07,1.64,1.22,0.62,1.11,0.42,0.56,1.65,1.29,0.9,0.64,0.38,0.88,0.88,0.8,0.31,1.09,0.56,0.8,0.8,0.62,1.25,0.82,0.19,0.14,0.21,0.67,1.52,0.89,1.06,0.12,1.18,0.8,0.4,0.42,0.27,0.92,0.62,0.16,0.35,0.28,1.26,1.12,1.04,0.58,0.39,0.35,0.56,0.85,0.43,1.69,0.42,1.36,0.15,0.38,1.28,1.26,0.24,1.24,0.13,0.39,0.94,0.97,0.26,0.34,0.6,0.96,0.8,0.85,0.4,0.23,0.19,0.38,1.22,0.57,1.32,0.6,1.42,0.51,1.66,1.07,0.66,0.18,0.53,1.58,1.29,3.37,0.73,1.3,1.67,1.58,1.3,0.91,0.28,0.32,0.36,0.73,0.56,1.25,0.55,1.43,0.94,0.37,0.43,2.21,1.15,1.59,0.26,1.5,0.62,1.07,0.69
11-06-2025 06:05,0.68,0.24,0.93,1.02,0.41,0.23,0.38,0.73,0.7,0.48,1.07,1.64,1.22,0.62,1.11,0.42,0.56,1.65,1.29,0.9,0.64,0.38,0.88,0.88,0.79,0.3,1.09,0.55,0.8,0.8,0.62,1.25,0.82,0.19,0.14,0.2,0.67,1.51,0.9,1.06,0.12,1.19,0.8,0.39,0.42,0.26,0.91,0.62,0.16,0.35,0.28,1.26,1.12,1.03,0.58,0.39,0.35,0.56,0.85,0.43,1.69,0.42,1.36,0.15,0.38,1.29,1.26,0.24,1.24,0.13,0.39,0.94,0.97,0.26,0.34,0.6,0.96,0.8,0.85,0.4,0.23,0.19,0.38,1.22,0.57,1.32,0.61,1.58,0.51,1.65,1.07,0.66,0.17,0.53,1.58,1.3,3.37,0.73,1.3,1.67,1.58,1.3,0.91,0.28,0.32,0.37,0.73,0.56,1.25,0.55,1.43,0.94,0.37,0.43,2.21,1.15,1.59,0.26,1.51,0.62,1.07,0.69
11-06-2025 06:10,0.66,0.24,0.92,1.02,0.41,0.23,0.37,0.73,0.7,0.48,1.07,1.64,1.22,0.62,1.11,0.42,0.56,1.65,1.29,0.9,0.64,0.38,0.88,0.88,0.79,0.31,1.09,0.55,0.8,0.8,0.62,1.25,0.82,0.19,0.14,0.19,0.67,1.51,0.9,1.06,0.11,1.19,0.8,0.39,0.42,0.26,0.92,0.61,0.16,0.35,0.28,1.26,1.12,1.04,0.58,0.39,0.35,0.56,0.85,0.43,1.69,0.42,1.36,0.15,0.38,1.28,1.26,0.24,1.24,0.13,0.39,0.94,0.97,0.26,0.34,0.6,0.96,0.8,0.85,0.39,0.23,0.19,0.38,1.22,0.57,1.32,0.61,1.78,0.51,1.64,1.07,0.66,0.17,0.53,1.58,1.33,3.37,0.73,1.3,1.67,1.58,1.3,0.92,0.28,0.32,0.37,0.72,0.56,1.25,0.55,1.43,0.94,0.37,0.43,2.21,1.15,1.59,0.26,1.51,0.62,1.07,0.69
11-06-2025 06:15,0.68,0.24,0.92,1.02,0.41,0.24,0.38,0.73,0.7,0.48,1.07,1.64,1.22,0.62,1.11,0.42,0.56,1.65,1.29,0.9,0.64,0.38,0.88,0.88,0.79,0.3,1.09,0.55,0.81,0.79,0.62,1.25,0.82,0.19,0.14,0.19,0.67,1.52,0.9,1.06,0.11,1.18,0.8,0.39,0.42,0.26,0.91,0.61,0.16,0.35,0.28,1.26,1.12,1.04,0.58,0.39,0.35,0.56,0.85,0.43,1.69,0.42,1.36,0.15,0.38,1.28,1.26,0.25,1.24,0.13,0.39,0.94,0.97,0.26,0.34,0.6,0.96,0.8,0.85,0.39,0.23,0.19,0.38,1.22,0.57,1.32,0.61,1.73,0.51,1.63,1.07,0.66,0.17,0.53,1.58,1.35,3.37,0.73,1.3,1.65,1.58,1.3,0.92,0.28,0.32,0.37,0.7,0.56,1.25,0.55,1.43,0.94,0.37,0.43,2.21,1.15,1.59,0.26,1.5,0.62,1.07,0.7
11-06-2025 06:20,0.68,0.24,0.92,1.02,0.41,0.23,0.38,0.73,0.7,0.48,1.07,1.64,1.22,0.62,1.11,0.42,0.56,1.65,1.29,0.9,0.64,0.38,0.88,0.88,0.78,0.3,1.09,0.55,0.81,0.79,0.62,1.25,0.82,0.19,0.14,0.2,0.67,1.52,0.9,1.06,0.12,1.18,0.8,0.4,0.42,0.26,0.92,0.61,0.16,0.35,0.28,1.25,1.12,1.04,0.58,0.39,0.35,0.56,0.85,0.43,1.69,0.42,1.36,0.15,0.38,1.28,1.26,0.25,1.24,0.13,0.39,0.94,0.97,0.26,0.34,0.6,0.96,0.8,0.85,0.4,0.23,0.19,0.38,1.22,0.57,1.32,0.61,1.6,0.51,1.62,1.06,0.66,0.17,0.53,1.58,1.36,3.37,0.73,1.3,1.64,1.58,1.3,0.91,0.28,0.32,0.37,0.69,0.56,1.25,0.55,1.43,0.94,0.37,0.43,2.23,1.15,1.59,0.26,1.5,0.62,1.06,0.69
11-06-2025 06:25,0.68,0.24,0.91,1.02,0.41,0.23,0.37,0.73,0.7,0.48,1.07,1.64,1.22,0.62,1.11,0.42,0.56,1.65,1.29,0.9,0.64,0.38,0.88,0.88,0.78,0.31,1.09,0.55,0.82,0.79,0.62,1.25,0.82,0.19,0.14,0.2,0.67,1.52,0.9,1.06,0.12,1.18,0.79,0.4,0.42,0.26,0.92,0.61,0.16,0.35,0.28,1.25,1.12,1.03,0.58,0.39,0.35,0.56,0.85,0.43,1.69,0.42,1.35,0.15,0.38,1.28,1.26,0.25,1.24,0.13,0.39,0.94,0.97,0.26,0.34,0.6,0.96,0.8,0.85,0.39,0.23,0.19,0.38,1.22,0.57,1.32,0.61,1.52,0.51,1.62,1.05,0.66,0.17,0.53,1.57,1.37,3.38,0.73,1.3,1.64,1.58,1.3,0.91,0.28,0.32,0.37,0.69,0.56,1.25,0.55,1.43,0.95,0.38,0.43,2.21,1.15,1.59,0.26,1.5,0.62,1.06,0.69
11-06-2025 06:30,0.66,0.24,0.91,1.02,0.41,0.24,0.38,0.73,0.7,0.48,1.07,1.64,1.22,0.62,1.11,0.42,0.56,1.65,1.29,0.9,0.64,0.38,0.88,0.88,0.78,0.31,1.09,0.55,0.83,0.79,0.62,1.25,0.82,0.19,0.14,0.2,0.67,1.52,0.9,1.06,0.12,1.18,0.8,0.4,0.42,0.26,0.91,0.61,0.16,0.35,0.28,1.25,1.12,1.02,0.58,0.39,0.35,0.56,0.85,0.43,1.69,0.42,1.35,0.15,0.38,1.28,1.26,0.25,1.24,0.13,0.39,0.94,0.97,0.26,0.34,0.6,0.96,0.8,0.85,0.4,0.23,0.19,0.38,1.22,0.57,1.32,0.61,1.48,0.51,1.6,1.05,0.66,0.17,0.53,1.57,1.36,3.38,0.73,1.3,1.64,1.58,1.3,0.91,0.28,0.32,0.37,0.7,0.56,1.25,0.55,1.43,0.95,0.39,0.43,2.23,1.15,1.59,0.26,1.5,0.62,1.06,0.69
11-06-2025 06:35,0.68,0.24,0.91,1.02,0.41,0.24,0.38,0.73,0.7,0.48,1.08,1.64,1.22,0.62,1.11,0.41,0.56,1.65,1.29,0.9,0.64,0.38,0.88,0.88,0.78,0.31,1.09,0.55,0.84,0.79,0.62,1.25,0.82,0.19,0.14,0.21,0.67,1.52,0.9,1.06,0.11,1.18,0.8,0.39,0.42,0.26,0.91,0.61,0.16,0.35,0.28,1.25,1.12,1.02,0.58,0.39,0.35,0.56,0.85,0.43,1.69,0.42,1.35,0.15,0.38,1.28,1.26,0.25,1.24,0.13,0.39,0.93,0.97,0.26,0.34,0.6,0.96,0.8,0.85,0.41,0.23,0.19,0.38,1.22,0.58,1.32,0.61,1.44,0.52,1.6,1.05,0.66,0.17,0.53,1.57,1.36,3.38,0.73,1.3,1.64,1.58,1.3,0.91,0.28,0.32,0.36,0.72,0.56,1.25,0.55,1.43,0.95,0.39,0.43,2.21,1.15,1.59,0.26,1.5,0.62,1.06,0.69
11-06-2025 06:40,0.68,0.24,0.91,1.02,0.41,0.23,0.36,0.73,0.7,0.48,1.08,1.64,1.22,0.62,1.11,0.42,0.56,1.65,1.29,0.9,0.64,0.38,0.88,0.88,0.78,0.31,1.09,0.55,0.85,0.79,0.62,1.25,0.82,0.19,0.14,0.2,0.67,1.52,0.89,1.06,0.12,1.19,0.8,0.4,0.42,0.26,0.91,0.61,0.16,0.35,0.28,1.25,1.12,1.03,0.58,0.39,0.35,0.56,0.85,0.43,1.69,0.42,1.35,0.15,0.38,1.28,1.26,0.25,1.24,0.14,0.4,0.93,0.97,0.26,0.34,0.6,0.96,0.8,0.85,0.41,0.23,0.19,0.38,1.22,0.58,1.32,0.61,1.43,0.51,1.59,1.03,0.66,0.18,0.53,1.57,1.35,3.38,0.73,1.3,1.63,1.58,1.3,0.91,0.28,0.32,0.37,0.74,0.56,1.25,0.55,1.43,0.95,0.39,0.43,2.23,1.15,1.59,0.26,1.5,0.62,1.07,0.69
11-06-2025 06:45,0.68,0.24,0.91,1.02,0.41,0.23,0.38,0.73,0.7,0.48,1.07,1.64,1.22,0.62,1.11,0.42,0.56,1.65,1.3,0.9,0.64,0.38,0.88,0.88,0.78,0.3,1.09,0.55,0.85,0.79,0.62,1.25,0.82,0.19,0.14,0.2,0.66,1.51,0.89,1.06,0.12,1.19,0.8,0.39,0.42,0.26,0.91,0.61,0.16,0.35,0.28,1.24,1.12,1.04,0.58,0.39,0.35,0.56,0.85,0.43,1.69,0.42,1.36,0.15,0.38,1.28,1.26,0.25,1.24,0.14,0.39,0.93,0.97,0.26,0.34,0.6,0.96,0.8,0.85,0.41,0.23,0.19,0.38,1.22,0.57,1.32,0.61,1.43,0.51,1.59,1.03,0.66,0.18,0.53,1.57,1.34,3.39,0.73,1.3,1.6,1.58,1.3,0.91,0.28,0.32,0.37,0.75,0.56,1.25,0.55,1.43,0.95,0.39,0.43,2.21,1.16,1.59,0.26,1.5,0.62,1.07,0.69
11-06-2025 06:50,0.68,0.24,0.91,1.02,0.41,0.23,0.38,0.73,0.7,0.48,1.07,1.64,1.22,0.62,1.11,0.42,0.56,1.65,1.3,0.9,0.64,0.38,0.89,0.89,0.78,0.3,1.09,0.55,0.86,0.79,0.62,1.25,0.82,0.19,0.14,0.21,0.66,1.51,0.89,1.06,0.12,1.18,0.8,0.4,0.42,0.26,0.91,0.61,0.16,0.35,0.28,1.24,1.12,1.04,0.58,0.39,0.35,0.56,0.85,0.43,1.69,0.42,1.36,0.15,0.38,1.28,1.27,0.25,1.24,0.14,0.4,0.93,0.97,0.26,0.34,0.6,0.96,0.79,0.85,0.41,0.23,0.19,0.38,1.22,0.58,1.32,0.61,1.43,0.51,1.58,1.02,0.66,0.17,0.54,1.57,1.32,3.39,0.73,1.3,1.6,1.58,1.3,0.91,0.28,0.32,0.36,0.75,0.56,1.25,0.55,1.43,0.95,0.39,0.43,2.21,1.17,1.59,0.26,1.5,0.62,1.07,0.69
11-06-2025 06:55,0.66,0.24,0.91,1.01,0.41,0.23,0.38,0.73,0.7,0.48,1.07,1.64,1.22,0.62,1.11,0.42,0.56,1.65,1.3,0.9,0.64,0.38,0.89,0.89,0.78,0.31,1.09,0.55,0.86,0.79,0.62,1.25,0.82,0.19,0.14,0.19,0.67,1.51,0.89,1.06,0.12,1.19,0.8,0.4,0.42,0.26,0.91,0.61,0.16,0.35,0.28,1.24,1.12,1.04,0.58,0.39,0.35,0.56,0.85,0.43,1.69,0.42,1.36,0.15,0.38,1.28,1.27,0.25,1.24,0.14,0.39,0.93,0.97,0.26,0.34,0.6,0.97,0.8,0.85,0.41,0.23,0.19,0.38,1.22,0.58,1.32,0.61,1.43,0.51,1.58,1.0,0.66,0.17,0.53,1.57,1.32,3.4,0.73,1.3,1.6,1.58,1.3,0.91,0.28,0.32,0.37,0.75,0.56,1.25,0.55,1.43,0.95,0.39,0.43,2.21,1.17,1.59,0.26,1.5,0.62,1.07,0.69
11-06-2025 07:00,0.68,0.26,0.91,1.02,0.41,0.23,0.38,0.73,0.7,0.48,1.07,1.64,1.22,0.62,1.11,0.42,0.56,1.65,1.3,0.9,0.64,0.38,0.89,0.89,0.78,0.3,1.09,0.55,0.86,0.79,0.62,1.25,0.82,0.19,0.14,0.19,0.66,1.52,0.89,1.06,0.12,1.19,0.79,0.39,0.42,0.26,0.91,0.61,0.16,0.35,0.28,1.24,1.12,1.04,0.58,0.39,0.35,0.56,0.85,0.43,1.69,0.42,1.36,0.15,0.38,1.28,1.27,0.25,1.24,0.14,0.39,0.93,0.97,0.26,0.34,0.6,0.96,0.79,0.85,0.41,0.23,0.19,0.38,1.22,0.58,1.32,0.61,1.49,0.51,1.57,0.99,0.66,0.17,0.53,1.57,1.3,3.4,0.73,1.3,1.6,1.58,1.3,0.91,0.28,0.32,0.37,0.74,0.56,1.25,0.55,1.43,0.95,0.39,0.43,2.23,1.17,1.59,0.26,1.5,0.62,1.07,
11-06-2025 07:05,0.68,0.24,0.91,1.02,0.41,0.24,0.38,0.73,0.7,0.48,1.07,1.64,1.22,0.62,1.11,0.42,0.56,1.65,1.3,0.9,0.64,0.38,0.89,0.89,0.78,0.3,1.09,0.54,0.86,0.79,0.62,1.25,0.82,0.19,0.14,0.2,0.66,1.51,0.89,1.06,0.12,1.19,0.79,0.39,0.42,0.26,0.92,0.61,0.16,0.35,0.28,1.24,1.12,1.03,0.58,0.39,0.35,0.56,0.85,0.43,1.69,0.42,1.36,0.15,0.38,1.28,1.27,0.25,1.24,0.14,0.39,0.93,0.97,0.26,0.34,0.6,0.96,0.79,0.85,0.41,0.23,0.19,0.38,1.22,0.58,1.32,0.61,1.52,0.52,1.56,0.99,0.66,0.18,0.53,1.57,1.3,3.4,0.73,1.3,1.57,1.58,1.3,0.91,0.28,0.32,0.37,0.73,0.56,1.25,0.55,1.43,0.95,0.41,0.43,2.23,1.17,1.59,0.26,1.5,0.62,1.07,
11-06-2025 07:10,0.68,0.26,0.91,1.02,0.41,0.24,0.38,0.73,0.7,0.48,1.08,1.64,1.22,0.62,1.11,0.42,0.56,1.65,1.3,0.9,0.64,0.38,0.9,0.9,0.78,0.3,1.09,0.53,0.86,0.79,0.62,1.25,0.82,0.19,0.14,0.19,0.67,1.51,0.89,1.06,0.12,1.19,0.79,0.39,0.42,0.26,0.92,0.61,0.16,0.35,0.28,1.24,1.12,1.02,0.58,0.39,0.35,0.56,0.85,0.43,1.69,0.42,1.36,0.15,0.38,1.28,1.27,0.25,1.24,0.14,0.39,0.93,0.97,0.26,0.34,0.6,0.97,0.79,0.84,0.41,0.23,0.19,0.38,1.22,0.58,1.32,0.61,1.39,0.51,1.56,0.98,0.66,0.17,0.53,1.57,1.31,3.4,0.73,1.3,1.56,1.58,1.3,0.91,0.28,0.32,0.37,0.73,0.56,1.25,0.55,1.43,0.95,0.41,0.43,2.21,1.17,1.59,0.26,1.5,0.62,1.07,
11-06-2025 07:15,0.66,0.26,0.91,1.02,0.41,0.23,0.37,0.73,0.7,0.48,1.08,1.64,1.22,0.63,1.11,0.42,0.56,1.65,1.3,0.9,0.64,0.36,0.9,0.9,0.78,0.3,1.08,0.53,0.86,0.79,0.62,1.25,0.82,0.19,0.14,0.21,0.66,1.52,0.89,1.06,0.12,1.19,0.79,0.39,0.42,0.26,0.92,0.61,0.16,0.35,0.28,1.24,1.12,1.03,0.58,0.39,0.35,0.56,0.85,0.43,1.69,0.42,1.36,0.15,0.38,1.28,1.27,0.25,1.24,0.14,0.39,0.93,0.97,0.26,0.34,0.6,0.97,0.8,0.84,0.41,0.23,0.19,0.38,1.22,0.57,1.32,0.61,1.28,0.51,1.56,0.97,0.66,0.18,0.53,1.57,1.32,3.42,0.73,1.3,1.56,1.58,1.3,0.91,0.28,0.32,0.37,0.73,0.56,1.25,0.55,1.43,0.95,0.41,0.43,2.23,1.17,1.59,0.26,1.5,0.62,1.07,
11-06-2025 07:20,0.66,0.26,0.91,1.02,0.41,0.23,0.38,0.73,0.69,0.48,1.08,1.64,1.22,0.62,1.11,0.42,0.56,1.65,1.3,0.9,0.64,0.36,0.91,0.91,0.78,0.3,1.08,0.53,0.86,0.78,0.62,1.25,0.82,0.19,0.14,0.22,0.66,1.52,0.89,1.06,0.12,1.19,0.79,0.39,0.42,0.26,0.92,0.61,0.16,0.35,0.28,1.24,1.12,1.04,0.58,0.39,0.35,0.57,0.85,0.43,1.69,0.42,1.36,0.15,0.38,1.29,1.27,0.25,1.24,0.14,0.39,0.93,0.97,0.26,0.34,0.6,0.97,0.79,0.84,0.41,0.23,0.19,0.38,1.22,0.57,1.32,0.61,1.2,0.51,1.55,0.96,0.66,0.18,0.53,1.57,1.33,3.42,0.73,1.3,1.53,1.58,1.3,0.91,0.28,0.32,0.37,0.73,0.56,1.25,0.55,1.43,0.95,0.41,0.43,2.21,1.17,1.59,0.26,1.5,0.62,1.07,
11-06-2025 07:25,0.68,0.26,0.91,1.02,0.41,0.24,0.38,0.73,0.69,0.48,1.08,1.64,1.22,0.62,1.11,0.42,0.56,1.65,1.3,0.9,0.64,0.38,0.91,0.91,0.78,0.3,1.08,0.53,0.86,0.78,0.62,1.25,0.82,0.19,0.14,0.21,0.67,1.52,0.89,1.06,0.12,1.19,0.79,0.39,0.42,0.26,0.91,0.61,0.16,0.35,0.28,1.24,1.12,1.04,0.58,0.39,0.35,0.57,0.85,0.43,1.69,0.42,1.36,0.15,0.38,1.29,1.27,0.25,1.23,0.14,0.39,0.93,0.97,0.26,0.34,0.6,0.97,0.79,0.84,0.41,0.23,0.19,0.38,1.22,0.58,1.32,0.61,1.15,0.51,1.55,0.95,0.66,0.18,0.53,1.56,1.34,3.42,0.73,1.3,1.53,1.58,1.3,0.91,0.28,0.32,0.37,0.73,0.56,1.25,0.55,1.43,0.95,0.41,0.43,2.23,1.17,1.6,0.26,1.5,0.62,1.07,
11-06-2025 07:30,0.68,0.26,0.91,1.02,0.41,0.24,0.37,0.73,0.69,0.48,1.08,1.64,1.22,0.62,1.11,0.42,0.56,1.65,1.3,0.9,0.64,0.38,0.92,0.92,0.78,0.3,1.08,0.53,0.86,0.78,0.62,1.25,0.82,0.19,0.14,0.21,0.67,1.52,0.89,1.06,0.12,1.19,0.79,0.39,0.42,0.26,0.91,0.61,0.16,0.35,0.28,1.24,1.12,1.03,0.58,0.39,0.35,0.57,0.86,0.43,1.69,0.42,1.36,0.15,0.38,1.28,1.27,0.25,1.23,0.14,0.39,0.93,0.97,0.26,0.34,0.6,0.96,0.79,0.84,0.41,0.23,0.18,0.38,1.22,0.57,1.32,0.61,1.11,0.51,1.55,0.94,0.66,0.18,0.53,1.56,1.36,3.43,0.73,1.3,1.53,1.58,1.3,0.91,0.28,0.32,0.37,0.73,0.56,1.25,0.55,1.43,0.95,0.41,0.43,2.23,1.17,1.6,0.26,1.5,0.62,1.07,
11-06-2025 07:35,0.68,0.26,0.91,1.02,0.41,0.24,0.37,0.73,0.69,0.47,1.08,1.64,1.21,0.62,1.11,0.42,0.56,1.65,1.3,0.9,0.64,0.38,0.92,0.92,0.78,0.3,1.08,0.53,0.86,0.78,0.62,1.25,0.82,0.19,0.14,0.2,0.67,1.52,0.89,1.06,0.12,1.19,0.78,0.39,0.42,0.26,0.91,0.61,0.16,0.35,0.28,1.24,1.12,1.02,0.58,0.39,0.35,0.57,0.85,0.43,1.69,0.42,1.36,0.15,0.38,1.28,1.27,0.25,1.22,0.14,0.39,0.93,0.97,0.26,0.34,0.59,0.96,0.79,0.84,0.41,0.23,0.18,0.38,1.22,0.57,1.32,0.61,1.08,0.51,1.55,0.92,0.66,0.18,0.53,1.56,1.36,3.44,0.73,1.3,1.52,1.58,1.3,0.91,0.28,0.32,0.37,0.73,0.57,1.25,0.55,1.43,0.95,0.4,0.43,2.23,1.17,1.6,0.26,1.5,0.62,1.07,
11-06-2025 07:40,0.66,0.26,0.91,1.02,0.41,0.24,0.38,0.73,0.69,0.47,1.08,1.64,1.21,0.62,1.11,0.42,0.56,1.65,1.3,0.9,0.64,0.38,0.93,0.93,0.78,0.3,1.08,0.53,0.86,0.78,0.62,1.25,0.82,0.19,0.14,0.2,0.67,1.52,0.89,1.06,0.12,1.19,0.78,0.39,0.42,0.26,0.92,0.61,0.16,0.35,0.28,1.24,1.12,1.04,0.58,0.39,0.35,0.57,0.85,0.43,1.69,0.42,1.36,0.15,0.38,1.28,1.27,0.25,1.23,0.14,0.39,0.93,0.97,0.26,0.34,0.59,0.96,0.79,0.84,0.41,0.23,0.18,0.38,1.22,0.57,1.32,0.61,1.05,0.51,1.55,0.92,0.66,0.18,0.53,1.56,1.36,3.44,0.73,1.3,1.49,1.58,1.3,0.91,0.28,0.32,0.37,0.73,0.56,1.25,0.55,1.43,0.95,0.39,0.43,2.23,1.17,1.6,0.26,1.5,0.62,1.07,
11-06-2025 07:45,0.66,0.26,0.91,1.02,0.41,0.24,0.38,0.73,0.69,0.47,1.08,1.64,1.2,0.62,1.11,0.42,0.56,1.65,1.3,0.9,0.64,0.38,0.93,0.93,0.78,0.3,1.08,0.53,0.86,0.78,0.62,1.25,0.82,0.19,0.14,0.21,0.67,1.52,0.89,1.06,0.12,1.19,0.78,0.39,0.42,0.26,0.92,0.61,0.16,0.35,0.28,1.24,1.12,1.04,0.58,0.39,0.35,0.57,0.85,0.43,1.69,0.42,1.36,0.15,0.38,1.28,1.28,0.25,1.23,0.14,0.39,0.93,0.97,0.26,0.34,0.59,0.97,0.79,0.84,0.4,0.23,0.18,0.38,1.22,0.57,1.32,0.6,1.04,0.51,1.55,0.91,0.66,0.18,0.53,1.56,1.38,3.44,0.73,1.3,1.49,1.58,1.3,0.91,0.28,0.32,0.37,0.73,0.56,1.25,0.55,1.43,0.95,0.39,0.43,2.23,1.17,1.6,0.26,1.5,0.62,1.07,
11-06-2025 07:50,0.68,0.26,0.91,1.02,0.41,0.24,0.37,0.73,0.69,0.48,1.08,1.64,1.2,0.62,1.11,0.42,0.56,1.65,1.3,0.9,0.64,0.38,0.94,0.94,0.77,0.3,1.08,0.52,0.86,0.78,0.62,1.25,0.82,0.19,0.14,0.21,0.67,1.52,0.89,1.06,0.12,1.19,0.78,0.39,0.42,0.26,0.92,0.61,0.16,0.35,0.28,1.24,1.12,1.02,0.58,0.39,0.35,0.57,0.85,0.43,1.69,0.42,1.35,0.15,0.38,1.28,1.27,0.25,1.24,0.14,0.39,0.93,0.97,0.26,0.34,0.59,0.97,0.79,0.84,0.41,0.23,0.18,0.38,1.22,0.57,1.32,0.6,1.04,0.51,1.55,0.9,0.66,0.18,0.53,1.56,1.38,3.44,0.73,1.3,1.46,1.58,1.3,0.91,0.28,0.32,0.37,0.73,0.56,1.25,0.55,1.43,0.95,0.39,0.43,2.23,1.17,1.6,0.26,1.5,0.62,1.06,
11-06-2025 07:55,0.68,0.26,0.91,1.02,0.41,0.24,0.36,0.73,0.69,0.48,1.08,1.64,1.21,0.62,1.11,0.42,0.56,1.65,1.3,0.9,0.64,0.38,0.94,0.94,0.76,0.3,1.08,0.51,0.86,0.78,0.62,1.25,0.82,0.19,0.14,0.23,0.67,1.52,0.89,1.06,0.12,1.19,0.78,0.39,0.42,0.26,0.92,0.61,0.16,0.35,0.28,1.24,1.12,1.02,0.58,0.39,0.36,0.57,0.85,0.43,1.69,0.42,1.35,0.15,0.38,1.28,1.27,0.25,1.22,0.14,0.39,0.93,0.97,0.26,0.34,0.59,0.97,0.79,0.84,0.41,0.23,0.18,0.38,1.22,0.57,1.32,0.6,1.03,0.51,1.55,0.89,0.66,0.18,0.53,1.56,1.38,3.44,0.73,1.3,1.45,1.58,1.3,0.91,0.28,0.32,0.37,0.73,0.56,1.25,0.55,1.43,0.95,0.39,0.43,2.27,1.17,1.6,0.26,1.5,0.62,1.06,
11-06-2025 08:00,0.68,0.26,0.91,1.02,0.41,0.24,0.37,0.73,0.69,0.48,1.07,1.64,1.21,0.63,1.11,0.42,0.56,1.64,1.3,0.9,0.64,0.36,0.94,0.94,0.76,0.3,1.08,0.51,0.86,0.78,0.62,1.25,0.82,0.19,0.14,0.22,0.67,1.52,0.89,1.06,0.12,1.19,0.78,0.39,0.42,0.26,0.92,0.61,0.16,0.35,0.28,1.24,1.12,1.02,0.58,0.39,0.37,0.57,0.85,0.43,1.69,0.42,1.35,0.15,0.38,1.28,1.27,0.25,1.23,0.14,0.4,0.93,0.97,0.26,0.34,0.59,0.97,0.79,0.84,0.41,0.23,0.18,0.38,1.22,0.57,1.32,0.6,1.0,0.51,1.55,0.88,0.66,0.18,0.53,1.56,1.37,3.44,0.73,1.3,1.45,1.58,1.3,0.91,0.28,0.32,0.38,0.73,0.56,1.25,0.55,1.43,0.95,0.39,0.43,2.43,1.17,1.6,0.26,1.5,0.62,1.06,
11-06-2025 08:05,0.66,0.26,0.91,1.02,0.41,0.24,0.37,0.73,0.68,0.48,1.08,1.64,1.22,0.63,1.11,0.42,0.56,1.65,1.3,0.9,0.64,0.38,0.94,0.94,0.76,0.3,1.08,0.51,0.85,0.78,0.62,1.25,0.82,0.19,0.14,0.21,0.67,1.52,0.89,1.06,0.12,1.19,0.79,0.38,0.42,0.26,0.92,0.61,0.16,0.35,0.28,1.24,1.12,1.02,0.58,0.39,0.37,0.57,0.85,0.43,1.69,0.42,1.35,0.15,0.38,1.29,1.27,0.25,1.23,0.14,0.4,0.93,0.97,0.25,0.34,0.6,0.96,0.79,0.84,0.41,0.23,0.18,0.38,1.22,0.57,1.32,0.6,1.0,0.51,1.55,0.87,0.66,0.18,0.53,1.56,1.36,3.43,0.73,1.3,1.44,1.58,1.3,0.91,0.28,0.32,0.38,0.73,0.56,1.25,0.55,1.43,0.95,0.39,0.43,2.6,1.17,1.6,0.26,1.5,0.62,1.06,
11-06-2025 08:10,0.66,0.26,0.91,1.02,0.41,0.24,0.37,0.73,0.69,0.48,1.08,1.64,1.22,0.63,1.11,0.42,0.56,1.65,1.3,0.9,0.64,0.38,0.95,0.95,0.76,0.3,1.08,0.51,0.85,0.78,0.62,1.25,0.82,0.19,0.14,0.22,0.67,1.52,0.89,1.06,0.12,1.19,0.79,0.38,0.42,0.26,0.92,0.61,0.16,0.35,0.28,1.24,1.12,1.02,0.58,0.39,0.36,0.57,0.85,0.43,1.69,0.42,1.36,0.15,0.38,1.29,1.27,0.25,1.23,0.14,0.4,0.93,0.97,0.25,0.34,0.6,0.97,0.79,0.84,0.41,0.23,0.18,0.38,1.22,0.57,1.32,0.6,1.0,0.51,1.55,0.86,0.66,0.18,0.53,1.56,1.36,3.42,0.73,1.3,1.42,1.58,1.3,0.91,0.28,0.32,0.38,0.73,0.56,1.25,0.55,1.43,0.95,0.39,0.43,2.76,1.17,1.59,0.26,1.5,0.62,1.06,
11-06-2025 08:15,0.66,0.26,0.91,1.02,0.41,0.24,0.39,0.73,0.69,0.48,1.08,1.64,1.22,0.63,1.11,0.42,0.56,1.64,1.3,0.9,0.64,0.38,0.95,0.95,0.76,0.3,1.08,0.51,0.85,0.78,0.62,1.25,0.82,0.19,0.14,0.22,0.67,1.52,0.89,1.06,0.12,1.19,0.78,0.38,0.42,0.26,0.92,0.61,0.16,0.35,0.28,1.24,1.12,1.02,0.58,0.39,0.35,0.57,0.85,0.43,1.69,0.42,1.36,0.15,0.38,1.29,1.27,0.25,1.23,0.14,0.4,0.93,0.97,0.25,0.34,0.6,0.96,0.79,0.84,0.41,0.23,0.18,0.38,1.22,0.57,1.32,0.6,1.0,0.51,1.55,0.85,0.66,0.18,0.53,1.56,1.34,3.42,0.73,1.3,1.42,1.58,1.3,0.91,0.28,0.32,0.38,0.73,0.56,1.25,0.55,1.43,0.95,0.41,0.43,2.9,1.17,1.59,0.26,1.5,0.62,1.06,
11-06-2025 08:20,0.68,0.26,0.91,1.02,0.41,0.24,0.37,0.73,0.69,0.48,1.08,1.64,1.22,0.63,1.11,0.42,0.56,1.65,1.3,0.9,0.64,0.38,0.95,0.95,0.76,0.31,1.08,0.51,0.85,0.78,0.62,1.25,0.82,0.19,0.14,0.21,0.67,1.52,0.89,1.06,0.12,1.19,0.79,0.38,0.42,0.26,0.92,0.61,0.16,0.35,0.28,1.24,1.12,1.02,0.58,0.39,0.35,0.57,0.85,0.43,1.69,0.42,1.36,0.15,0.38,1.29,1.27,0.25,1.24,0.14,0.4,0.93,0.97,0.25,0.34,0.6,0.97,0.79,0.84,0.41,0.23,0.18,0.38,1.22,0.57,1.32,0.6,1.0,0.51,1.55,0.85,0.66,0.18,0.53,1.56,1.33,3.42,0.73,1.3,1.42,1.58,1.3,0.91,0.28,0.32,0.38,0.73,0.56,1.25,0.55,1.43,0.96,0.42,0.43,2.99,1.17,1.59,0.26,1.5,0.62,1.06,
11-06-2025 08:25,0.68,0.26,0.91,1.02,0.41,0.24,0.37,0.73,0.69,0.48,1.08,1.64,1.22,0.63,1.11,0.42,0.56,1.65,1.3,0.9,0.64,0.38,0.95,0.95,0.76,0.3,1.08,0.51,0.85,0.78,0.61,1.25,0.82,0.19,0.14,0.21,0.67,1.52,0.89,1.06,0.12,1.19,0.79,0.38,0.42,0.26,0.92,0.61,0.16,0.35,,1.24,1.12,1.02,0.58,0.39,0.35,0.57,0.85,0.43,1.69,0.42,1.36,0.15,0.38,1.29,1.27,0.25,1.23,0.14,0.4,0.93,0.97,0.25,0.34,0.6,0.97,0.79,0.84,0.41,0.23,0.18,0.38,1.22,0.57,1.32,0.6,1.0,0.51,1.55,0.85,0.66,0.18,0.53,1.56,1.32,3.4,0.73,1.3,1.42,1.58,1.3,0.91,0.28,0.32,0.38,0.73,0.56,1.25,0.55,1.43,0.96,0.43,0.43,3.06,1.17,1.59,0.26,1.5,0.62,1.06,
11-06-2025 08:30,0.68,0.26,0.91,1.02,0.41,0.24,0.38,0.73,0.69,0.48,1.08,1.64,1.22,0.63,1.11,0.42,0.56,1.65,1.3,0.9,0.64,0.38,0.95,0.95,0.76,0.3,1.08,0.51,0.85,0.78,0.61,1.25,0.82,0.19,0.14,0.21,0.67,1.52,0.89,1.06,0.12,1.19,0.79,0.38,0.42,0.26,0.92,0.61,0.16,0.35,,1.24,1.12,1.02,0.58,0.39,0.34,0.57,0.85,0.43,1.69,0.42,1.36,0.15,0.38,1.29,1.27,0.25,1.23,0.14,0.4,0.93,0.97,0.25,0.34,0.6,0.97,0.79,0.84,0.41,0.23,0.18,0.38,1.22,0.57,1.32,0.61,1.0,0.51,1.55,0.84,0.66,0.18,0.53,1.56,1.3,3.4,0.73,1.3,1.39,1.58,1.3,0.91,0.28,0.32,0.38,0.73,0.56,1.25,0.55,1.43,0.96,0.43,0.43,3.08,1.17,1.59,0.26,1.5,0.62,1.06,
11-06-2025 08:35,0.66,0.26,0.92,1.02,0.41,0.24,0.37,0.73,0.69,0.48,1.08,1.64,1.22,0.63,1.11,0.42,0.56,1.65,1.3,0.9,0.64,0.38,0.95,0.95,0.76,0.3,1.08,0.51,0.85,0.78,0.61,1.25,0.82,0.19,0.14,0.2,0.67,1.52,0.9,1.06,0.12,1.18,0.79,0.38,0.42,0.26,0.92,0.61,0.16,0.35,,1.24,1.12,1.02,0.58,0.39,0.33,0.57,0.85,0.43,1.69,0.42,1.35,0.15,0.38,1.3,1.27,0.24,1.23,0.14,0.4,0.93,0.97,0.25,0.34,0.6,0.97,0.78,0.84,0.41,0.23,0.18,0.38,1.22,0.57,1.32,0.62,1.0,0.51,1.55,0.83,0.66,0.18,0.53,1.56,1.29,3.39,0.73,1.3,1.38,1.58,1.3,0.91,0.27,0.32,0.38,0.73,0.56,1.25,0.55,1.43,0.96,0.43,0.43,2.99,1.17,1.59,0.26,1.5,0.62,1.06,
11-06-2025 08:40,0.68,0.26,0.92,1.02,0.41,0.24,0.37,0.73,0.69,0.48,1.08,1.64,1.22,0.63,1.11,0.42,0.56,1.65,1.3,0.9,0.64,0.38,0.95,0.95,0.76,0.31,1.08,0.51,0.85,0.78,0.61,1.25,0.83,0.19,0.14,0.21,0.67,1.52,0.91,1.06,0.12,1.18,0.8,0.39,0.42,0.26,0.92,0.61,0.16,0.35,,1.24,1.12,1.02,0.58,0.39,0.33,0.57,0.85,0.43,1.69,0.42,1.35,0.15,0.38,1.29,1.27,0.24,1.23,0.14,0.4,0.93,0.97,0.25,0.34,0.6,0.97,0.78,0.84,0.41,0.23,0.18,0.38,1.22,0.57,1.32,0.62,1.0,0.51,1.55,0.83,0.66,0.18,0.53,1.56,1.28,3.38,0.73,1.29,1.34,1.58,1.3,0.91,0.27,0.32,0.38,0.73,0.57,1.25,0.55,1.43,0.96,0.44,0.43,2.93,1.19,1.59,0.26,1.5,0.62,1.06,
11-06-2025 08:45,0.68,0.26,0.92,1.02,0.41,0.24,0.37,0.73,0.69,0.48,1.08,1.64,1.22,0.63,1.11,0.43,0.56,1.64,1.3,0.9,0.64,0.38,0.95,0.95,0.76,0.3,1.08,0.51,0.85,0.78,0.61,1.25,0.83,0.19,0.14,0.21,0.67,1.52,0.91,1.06,0.12,1.18,0.8,0.38,0.42,0.26,0.92,0.61,0.16,0.35,,1.24,1.12,1.02,0.58,0.39,0.33,0.57,0.85,0.43,1.69,0.42,1.35,0.15,0.38,1.29,1.27,0.24,1.23,0.14,0.4,0.93,0.97,0.25,0.34,0.6,0.97,0.78,0.84,0.41,0.23,0.18,0.38,1.22,0.57,1.32,0.62,1.0,0.51,1.55,0.82,0.66,0.18,0.53,1.56,1.26,3.38,0.72,1.29,1.34,1.58,1.3,0.91,0.27,0.32,0.37,0.73,0.57,1.25,0.55,1.43,0.96,0.45,0.43,2.84,1.2,1.59,0.26,1.5,0.62,1.06,
11-06-2025 08:50,0.66,0.24,0.92,1.02,0.41,0.24,0.37,0.73,0.69,0.48,1.08,1.64,1.22,0.64,1.11,0.42,0.56,1.65,1.3,0.9,0.64,0.38,0.95,0.95,0.76,0.3,1.08,0.51,0.85,0.78,0.61,1.25,0.83,0.19,0.14,0.21,0.67,1.52,0.91,1.06,0.12,1.18,0.79,0.39,0.42,0.26,0.91,0.61,0.16,0.35,,1.24,1.12,1.02,0.58,0.39,0.33,0.57,0.85,0.43,1.69,0.42,1.36,0.15,0.38,1.29,1.27,0.24,1.23,0.14,0.4,0.93,0.97,0.25,0.34,0.6,0.96,0.78,0.84,0.41,0.23,0.18,0.38,1.22,0.57,1.32,0.62,1.0,0.52,1.55,0.81,0.66,0.18,0.53,1.56,1.25,3.37,0.71,1.29,1.34,1.58,1.3,0.91,0.27,0.32,0.37,0.73,0.56,1.25,0.55,1.43,0.96,0.46,0.43,2.76,1.2,1.6,0.26,1.5,0.62,1.06,
11-06-2025 08:55,0.66,0.24,0.92,1.02,0.41,0.24,0.37,0.73,0.69,0.48,1.08,1.64,1.22,0.64,1.11,0.42,0.56,1.65,1.3,0.9,0.64,0.38,0.95,0.95,0.76,0.31,1.08,0.51,0.85,0.77,0.61,1.25,0.83,0.19,0.14,0.21,0.67,1.52,0.91,1.06,0.12,1.18,0.8,0.38,0.42,0.26,0.92,0.61,0.16,0.35,,1.24,1.12,1.02,0.58,0.39,0.33,0.57,0.85,0.43,1.69,0.42,1.36,0.15,0.38,1.29,1.27,0.24,1.23,0.14,0.4,0.93,0.97,0.25,0.34,0.6,0.96,0.78,0.84,0.41,0.23,0.18,0.38,1.22,0.57,1.32,0.62,1.0,0.51,1.55,0.81,0.66,0.17,0.53,1.56,1.24,3.37,0.71,1.29,1.34,1.58,1.3,0.91,0.28,0.32,0.37,0.73,0.56,1.25,0.55,1.43,0.96,0.46,0.43,2.69,1.2,1.6,0.26,1.5,0.62,1.06,
11-06-2025 09:00,0.66,0.22,0.92,1.02,0.41,0.24,0.38,0.73,0.69,0.48,1.08,1.64,1.22,0.64,1.11,0.42,0.56,1.65,1.3,0.9,0.64,0.36,0.95,0.95,0.76,0.3,1.08,0.51,0.85,0.77,0.61,1.25,0.83,0.19,0.14,0.21,0.67,1.51,0.91,1.06,0.12,1.18,0.8,0.38,0.42,0.26,0.91,0.61,0.16,0.35,,1.24,1.12,1.02,0.58,0.39,0.33,0.57,0.84,0.43,1.69,0.42,1.36,0.15,0.38,1.29,1.27,0.24,1.23,0.14,0.4,0.93,0.97,0.25,0.34,0.6,0.96,0.78,0.84,0.41,0.23,0.18,0.38,1.22,0.57,1.32,0.62,1.0,0.51,1.55,0.81,0.66,0.17,0.53,1.56,1.23,3.36,0.7,1.29,1.34,1.58,1.3,0.91,0.27,0.32,0.37,0.73,0.56,1.25,0.55,1.43,0.96,0.46,0.44,2.62,1.2,1.59,0.26,1.5,0.62,1.06,
11-06-2025 09:05,0.68,0.2,0.92,1.02,0.41,0.24,0.37,0.73,0.69,0.48,1.08,1.64,1.22,0.64,1.11,,0.56,1.65,1.3,0.9,0.64,0.38,0.95,0.95,0.76,0.3,1.08,0.51,0.85,0.77,0.61,1.25,0.83,0.19,0.14,,0.67,1.51,0.91,1.06,0.12,1.18,0.79,0.38,0.42,0.26,0.91,0.61,0.16,0.35,,1.24,1.12,1.02,0.58,0.39,0.34,0.57,0.83,0.43,1.69,0.42,1.36,0.15,0.38,1.29,1.27,0.24,1.22,0.14,0.4,0.93,0.97,0.25,0.34,0.6,0.96,0.78,0.84,0.41,0.23,0.18,0.38,1.22,0.57,1.32,0.62,1.0,0.51,1.56,0.8,0.66,0.17,0.53,1.56,1.22,3.35,0.7,1.28,1.34,1.58,1.3,0.91,0.27,0.32,0.38,0.73,0.56,1.25,0.55,1.43,0.96,0.46,0.44,2.56,1.19,1.59,0.26,1.5,0.62,1.06,
11-06-2025 09:10,0.68,0.2,0.92,1.02,0.41,0.24,0.38,0.73,0.69,0.48,1.08,1.64,1.22,0.64,1.11,,0.56,1.65,1.3,0.9,0.64,0.38,0.95,0.95,0.76,0.3,1.08,0.5,0.85,0.76,0.61,1.25,0.84,0.19,0.14,,0.67,1.51,0.91,1.06,0.12,1.18,0.79,0.38,0.42,0.26,0.91,0.61,0.16,0.35,,1.24,1.12,1.02,0.58,0.39,0.34,0.57,0.82,0.43,1.69,0.42,1.35,0.15,0.38,1.29,1.27,0.24,1.22,0.14,0.4,0.93,0.97,0.25,0.34,0.6,0.96,0.78,0.84,0.41,0.23,0.18,0.38,1.22,0.57,1.33,0.62,1.0,0.51,1.56,0.79,0.66,0.17,0.53,1.56,1.21,3.35,0.7,1.28,1.34,1.58,1.3,0.91,0.28,0.32,0.38,0.73,0.56,1.25,0.55,1.43,0.96,0.46,0.45,2.51,1.19,1.59,0.26,1.5,0.62,1.06,
