Fecha,1078,1108,1177,1231,1232,1253,1254,1255,1272,1333,1334,1337,1340,1345,1346,1356,1406,1408,1409,1847
08-06-2025 00:00,7.45,30.09,18.39,21.81,6.61,8.43,0.78,0.01,0.13,32.77,3.49,0.34,0.85,6.99,0.42,31.4,209.68,90.39,35.64,5.05
08-06-2025 00:05,7.45,30.09,18.39,21.83,6.6,8.43,0.78,0.01,0.13,32.77,3.49,0.34,0.85,6.99,0.42,31.4,209.68,90.39,35.64,5.05
08-06-2025 00:10,7.45,30.09,18.39,21.81,6.59,8.43,0.78,0.01,0.13,32.77,3.48,0.34,0.84,6.99,0.42,31.4,209.68,90.46,35.67,5.05
08-06-2025 00:15,7.45,30.09,18.39,21.81,6.58,8.43,0.78,0.01,0.13,32.77,3.48,0.34,0.84,6.99,0.42,31.4,209.68,90.49,35.7,5.05
08-06-2025 00:20,7.46,30.09,18.39,21.82,6.57,8.43,0.78,0.01,0.13,32.77,3.48,0.34,0.84,6.99,0.42,31.4,209.68,90.49,35.7,5.05
08-06-2025 00:25,7.45,30.09,18.39,21.8,6.57,8.43,0.78,0.01,0.13,32.77,3.49,0.34,0.84,6.99,0.42,31.4,209.68,90.49,35.73,5.05
08-06-2025 00:30,7.46,30.07,18.39,21.82,6.56,8.43,0.78,0.01,0.13,32.77,3.48,0.34,0.84,6.99,0.42,31.41,209.68,90.49,35.75,5.05
08-06-2025 00:35,7.45,30.07,18.39,21.81,6.55,8.43,0.78,0.01,0.13,32.77,3.49,0.34,0.84,6.99,0.42,31.41,209.68,90.42,35.75,5.05
08-06-2025 00:40,7.45,30.07,18.39,21.81,6.54,8.42,0.78,0.01,0.13,32.77,3.5,0.34,0.84,6.99,0.41,31.41,209.68,90.39,35.75,5.05
08-06-2025 00:45,7.45,30.07,18.39,21.84,6.53,8.42,0.78,0.01,0.13,32.77,3.48,0.34,0.83,6.99,0.41,31.41,209.68,90.39,35.75,5.05
08-06-2025 00:50,7.45,30.07,18.39,21.82,6.51,8.42,0.78,0.01,0.14,32.77,3.49,0.34,0.83,6.99,0.41,31.41,209.68,90.39,35.78,5.05
08-06-2025 00:55,7.45,30.07,18.39,21.82,6.51,8.42,0.78,0.01,0.14,32.77,3.48,0.34,0.83,6.99,0.41,31.41,209.68,90.39,35.75,5.05
08-06-2025 01:00,7.45,30.07,18.39,21.85,6.49,8.42,0.78,0.01,0.14,32.77,3.47,0.34,0.84,6.99,0.41,31.41,209.68,90.42,35.73,5.05
08-06-2025 01:05,7.45,30.07,18.39,21.83,6.48,8.42,0.77,0.01,0.14,32.77,3.48,0.34,0.84,6.99,0.41,31.42,209.68,90.42,35.7,5.05
08-06-2025 01:10,7.45,30.07,18.39,21.83,6.48,8.42,0.77,0.01,0.14,32.77,3.48,0.34,0.83,6.99,0.41,31.42,209.69,90.46,35.7,5.05
08-06-2025 01:15,7.45,30.07,18.39,21.84,6.46,8.42,0.77,0.01,0.14,32.77,3.48,0.34,0.84,6.99,0.41,31.42,209.69,90.46,35.73,5.05
08-06-2025 01:20,7.45,30.07,18.39,21.82,6.45,8.42,0.77,0.01,0.14,32.77,3.47,0.34,0.84,6.99,0.41,31.43,209.7,90.42,35.73,5.05
08-06-2025 01:25,7.45,30.07,18.39,21.83,6.45,8.42,0.77,0.01,0.14,32.77,3.48,0.34,0.84,6.99,0.41,31.43,209.7,90.39,35.75,5.05
08-06-2025 01:30,7.46,30.07,18.39,21.83,6.43,8.42,0.77,0.01,0.14,32.77,3.48,0.34,0.84,6.99,0.4,31.43,209.71,90.39,35.75,5.05
08-06-2025 01:35,7.45,30.07,18.39,21.81,6.42,8.42,0.77,0.01,0.14,32.77,3.47,0.34,0.84,6.99,0.4,31.44,209.72,90.36,35.78,5.05
08-06-2025 01:40,7.45,30.07,18.39,21.83,6.42,8.42,0.77,0.01,0.14,32.77,3.46,0.34,0.84,6.99,0.4,31.44,209.73,90.32,35.78,5.05
08-06-2025 01:45,7.45,30.07,18.39,21.82,6.4,8.42,0.77,0.01,0.14,32.77,3.48,0.34,0.84,6.99,0.4,31.44,209.73,90.36,35.78,5.05
08-06-2025 01:50,7.46,30.07,18.39,21.83,6.4,8.42,0.77,0.01,0.14,32.77,3.47,0.34,0.84,6.99,0.4,31.45,209.73,90.36,35.78,5.05
08-06-2025 01:55,7.46,30.07,18.39,21.83,6.39,8.42,0.77,0.01,0.14,32.77,3.48,0.34,0.84,6.99,0.4,31.45,209.74,90.39,35.81,5.05
08-06-2025 02:00,7.46,30.07,18.39,21.82,6.38,8.41,0.77,0.01,0.14,32.77,3.48,0.34,0.84,6.99,0.4,31.45,209.75,90.39,35.81,5.05
08-06-2025 02:05,7.45,30.07,18.39,21.83,6.37,8.41,0.77,0.01,0.14,32.78,3.48,0.34,0.84,6.99,0.4,31.45,209.76,90.39,35.78,5.05
08-06-2025 02:10,7.45,30.07,18.39,21.82,6.36,8.41,0.77,0.01,0.14,32.78,3.48,0.34,0.84,6.99,0.4,31.45,209.77,90.39,35.75,5.05
08-06-2025 02:15,7.45,30.07,18.39,21.81,6.35,8.41,0.77,0.01,0.14,32.78,3.47,0.34,0.84,6.99,0.4,31.46,209.78,90.36,35.75,5.05
08-06-2025 02:20,7.45,30.06,18.39,21.83,6.34,8.41,0.77,0.01,0.14,32.78,3.46,0.34,0.84,6.99,0.4,31.46,209.79,90.32,35.78,5.05
08-06-2025 02:25,7.46,30.06,18.39,21.82,6.33,8.41,0.77,0.01,0.14,32.78,3.46,0.34,0.84,6.99,0.39,31.46,209.8,90.29,35.78,5.05
08-06-2025 02:30,7.46,30.07,18.39,21.81,6.32,8.41,0.77,0.01,0.14,32.78,3.47,0.34,0.84,6.99,0.39,31.46,209.82,90.29,35.81,5.05
08-06-2025 02:35,7.45,30.07,18.39,21.83,6.32,8.41,0.77,0.01,0.14,32.78,3.47,0.34,0.84,6.99,0.39,31.46,209.83,90.29,35.81,5.05
08-06-2025 02:40,7.46,30.07,18.39,21.82,6.31,8.41,0.77,0.01,0.14,32.78,3.47,0.34,0.84,6.99,0.39,31.46,209.84,90.32,35.81,5.05
08-06-2025 02:45,7.46,30.07,18.39,21.81,6.3,8.41,0.77,0.01,0.14,32.78,3.46,0.34,0.84,6.99,0.39,31.47,209.85,90.32,35.81,5.05
08-06-2025 02:50,7.46,30.07,18.39,21.82,6.29,8.41,0.77,0.01,0.14,32.79,3.47,0.34,0.84,6.99,0.39,31.47,209.86,90.32,35.84,5.05
08-06-2025 02:55,7.45,30.07,18.39,21.81,6.28,8.41,0.77,0.01,0.14,32.79,3.47,0.34,0.84,6.99,0.39,31.47,209.87,90.32,35.84,5.05
08-06-2025 03:00,7.46,30.07,18.39,21.8,6.28,8.41,0.77,0.01,0.14,32.79,3.46,0.34,0.84,6.99,0.39,31.47,209.88,90.32,35.86,5.05
08-06-2025 03:05,7.46,30.06,18.39,21.81,6.26,8.41,0.77,0.01,0.14,32.79,3.46,0.34,0.84,6.99,0.39,31.47,209.9,90.32,35.84,5.05
08-06-2025 03:10,7.46,30.06,18.39,21.8,6.26,8.41,0.77,0.01,0.14,32.79,3.46,0.34,0.84,6.99,0.39,31.48,209.9,90.29,35.81,5.05
08-06-2025 03:15,7.45,30.06,18.39,21.81,6.25,8.41,0.77,0.01,0.14,32.79,3.47,0.34,0.84,6.99,0.39,31.48,209.92,90.26,35.81,5.05
08-06-2025 03:20,7.46,30.06,18.39,21.8,6.23,8.4,0.77,0.01,0.14,32.79,3.46,0.34,0.85,6.99,0.39,31.48,209.93,90.26,35.81,5.05
08-06-2025 03:25,7.46,30.06,18.39,21.79,6.23,8.4,0.77,0.01,0.14,32.79,3.47,0.34,0.85,6.99,0.39,31.49,209.94,90.26,35.81,5.05
08-06-2025 03:30,7.46,30.06,18.39,21.82,6.22,8.4,0.77,0.01,0.14,32.79,3.47,0.34,0.85,6.99,0.38,31.49,209.95,90.26,35.81,5.05
08-06-2025 03:35,7.46,30.06,18.39,21.8,6.22,8.4,0.77,0.01,0.14,32.8,3.46,0.34,0.85,6.99,0.38,31.49,209.97,90.29,35.84,5.05
08-06-2025 03:40,7.46,30.06,18.39,21.8,6.2,8.4,0.77,0.01,0.14,32.8,3.46,0.34,0.85,6.99,0.38,31.5,209.97,90.29,35.84,5.04
08-06-2025 03:45,7.46,30.06,18.39,21.82,6.2,8.4,0.77,0.01,0.14,32.8,3.47,0.34,0.85,6.99,0.38,31.5,209.99,90.29,35.84,5.04
08-06-2025 03:50,7.46,30.06,18.39,21.82,6.18,8.4,0.77,0.01,0.14,32.8,3.46,0.34,0.85,6.99,0.38,31.5,210.0,90.29,35.86,5.04
08-06-2025 03:55,7.46,30.06,18.39,21.82,6.17,8.4,0.77,0.01,0.14,32.8,3.47,0.34,0.85,6.99,0.38,31.51,210.01,90.26,35.86,5.05
08-06-2025 04:00,7.46,30.06,18.39,21.83,6.17,8.4,0.77,0.01,0.14,32.8,3.46,0.34,0.85,6.98,0.38,31.51,210.02,90.26,35.86,5.05
08-06-2025 04:05,7.46,30.06,18.39,21.82,6.16,8.4,0.77,0.01,0.14,32.8,3.45,0.34,0.85,6.98,0.38,31.51,210.03,90.23,35.86,5.05
08-06-2025 04:10,7.45,30.06,18.39,21.82,6.15,8.4,0.77,0.01,0.14,32.8,3.46,0.34,0.85,6.98,0.38,31.51,210.04,90.23,35.86,5.05
08-06-2025 04:15,7.46,30.06,18.39,21.83,6.14,8.4,0.77,0.01,0.14,32.8,3.46,0.34,0.85,6.98,0.38,31.51,210.04,90.23,35.86,5.05
08-06-2025 04:20,7.46,30.06,18.39,21.8,6.14,8.4,0.77,0.01,0.14,32.8,3.46,0.34,0.85,6.98,0.38,31.51,210.04,90.23,35.84,5.05
08-06-2025 04:25,7.46,30.06,18.39,21.81,6.12,8.4,0.77,0.01,0.14,32.8,3.45,0.34,0.85,6.98,0.38,31.52,210.05,90.23,35.84,5.05
08-06-2025 04:30,7.46,,18.39,21.82,6.12,8.4,0.77,0.01,0.14,32.79,3.46,0.35,0.85,6.98,0.38,31.52,210.06,90.23,35.84,5.05
08-06-2025 04:35,7.46,30.06,18.39,21.81,6.11,8.4,0.77,0.01,0.14,32.79,3.46,0.35,0.85,6.98,0.37,31.52,210.06,90.23,35.86,5.05
08-06-2025 04:40,7.46,30.06,18.39,21.8,6.1,8.39,0.77,0.01,0.14,32.79,3.46,0.35,0.85,6.98,0.38,31.52,210.07,90.23,35.86,5.05
08-06-2025 04:45,7.46,30.06,18.39,21.8,6.09,8.39,0.77,0.01,0.14,32.79,3.46,0.35,0.85,6.98,0.37,31.52,210.08,90.23,35.86,5.05
08-06-2025 04:50,7.46,30.06,18.39,21.79,6.09,8.39,0.77,0.01,0.14,32.79,3.46,0.35,0.85,6.98,0.37,31.52,210.08,90.19,35.86,5.05
08-06-2025 04:55,7.46,30.06,18.39,21.81,6.08,8.39,0.77,0.01,0.14,32.79,3.47,0.35,0.85,6.98,0.37,31.52,210.09,90.19,35.89,5.05
08-06-2025 05:00,7.46,30.06,18.39,21.79,6.08,8.39,0.77,0.01,0.14,32.79,3.46,0.35,0.85,6.98,0.37,31.52,210.09,90.16,35.89,5.05
08-06-2025 05:05,7.46,30.06,18.39,21.8,6.08,8.39,0.77,0.01,0.14,32.79,3.46,0.35,0.85,6.98,0.37,31.53,210.1,90.16,35.89,5.05
08-06-2025 05:10,7.46,30.06,18.39,21.81,6.08,8.39,0.77,0.01,0.14,32.79,3.46,0.35,0.85,6.98,0.37,31.53,210.11,90.16,35.89,5.05
08-06-2025 05:15,7.46,30.06,18.39,21.78,6.08,8.39,0.77,0.01,0.14,32.79,3.46,0.35,0.85,6.98,0.37,31.54,210.11,90.16,35.89,5.05
08-06-2025 05:20,7.46,30.06,18.39,21.81,6.08,8.39,0.77,0.01,0.14,32.79,3.45,0.35,0.85,6.98,0.37,31.54,210.11,90.16,35.89,5.05
08-06-2025 05:25,7.46,30.05,18.39,21.81,6.1,8.39,0.77,0.01,0.14,32.79,3.46,0.35,0.85,6.98,0.37,31.54,210.12,90.16,35.89,5.05
08-06-2025 05:30,7.46,30.06,18.39,21.81,6.12,8.39,0.77,0.01,0.14,32.79,3.46,0.35,0.85,6.98,0.37,31.54,210.13,90.16,35.89,5.05
08-06-2025 05:35,7.46,30.06,18.39,21.83,6.13,8.39,0.77,0.01,0.14,32.8,3.46,0.35,0.86,6.98,0.36,31.55,210.14,90.16,35.92,5.05
08-06-2025 05:40,7.46,30.06,18.39,21.83,6.14,8.39,0.77,0.01,0.14,32.8,3.46,0.35,0.86,6.98,0.37,31.55,210.14,90.13,35.95,5.05
08-06-2025 05:45,7.46,30.06,18.39,21.81,6.16,8.39,0.77,0.01,0.14,32.8,3.45,0.35,0.86,6.98,0.37,31.56,210.15,90.13,35.97,5.05
08-06-2025 05:50,7.46,30.06,18.39,21.83,6.18,8.39,0.77,0.01,0.14,32.8,3.46,0.35,0.86,6.98,0.37,31.56,210.15,90.1,35.97,5.04
08-06-2025 05:55,7.46,30.06,18.39,21.8,6.19,8.39,0.77,0.01,0.14,32.8,3.46,0.35,0.86,6.98,0.37,31.56,210.16,90.1,36.0,5.04
08-06-2025 06:00,7.45,30.05,18.39,21.8,6.21,8.39,0.77,0.01,0.14,32.8,3.45,0.35,0.86,6.98,0.37,31.56,210.16,90.1,36.0,5.04
08-06-2025 06:05,7.46,30.05,18.39,21.8,6.22,8.39,0.77,0.01,0.14,32.8,3.46,0.35,0.86,6.98,0.37,31.56,210.16,90.1,36.0,5.04
08-06-2025 06:10,7.46,30.05,18.39,21.79,6.23,8.39,0.77,0.01,0.14,32.8,3.46,0.35,0.86,6.98,0.37,31.57,210.15,90.13,35.97,5.04
08-06-2025 06:15,7.45,30.05,18.39,21.81,6.25,8.39,0.77,0.01,0.14,32.8,3.45,0.35,0.86,6.98,0.37,31.57,210.15,90.13,35.95,5.04
08-06-2025 06:20,7.45,30.05,18.39,21.81,6.27,8.39,0.77,0.01,0.14,32.8,3.46,0.35,0.86,6.98,0.37,31.57,210.14,90.13,35.92,5.04
08-06-2025 06:25,7.45,30.05,18.39,21.81,6.28,8.39,0.77,0.01,0.14,32.8,3.45,0.35,0.86,6.98,0.37,31.57,210.14,90.13,35.89,5.04
08-06-2025 06:30,7.45,30.05,18.39,21.82,6.3,8.38,0.77,0.01,0.13,32.8,3.46,0.35,0.86,6.98,0.37,31.57,210.13,90.13,35.89,5.04
08-06-2025 06:35,7.45,30.05,18.39,21.82,6.31,8.38,0.77,0.01,0.13,32.8,3.45,0.35,0.86,6.98,0.37,31.57,210.12,90.16,35.89,5.04
08-06-2025 06:40,7.45,30.05,18.39,21.81,6.33,8.38,0.77,0.01,0.13,32.8,3.45,0.35,0.86,6.98,0.37,31.58,210.11,90.16,35.89,5.04
08-06-2025 06:45,7.45,30.05,18.39,21.83,6.34,8.38,0.77,0.01,0.13,32.8,3.46,0.35,0.86,6.98,0.37,31.58,210.11,90.16,35.92,5.04
08-06-2025 06:50,7.44,30.05,18.39,21.81,6.36,8.38,0.77,0.01,0.13,32.8,3.45,0.35,0.86,6.98,0.38,31.58,210.11,90.16,35.95,5.04
08-06-2025 06:55,7.44,30.05,18.39,21.82,6.38,8.38,0.77,0.01,0.13,32.8,3.46,0.35,0.86,6.98,0.38,31.58,210.1,90.16,35.95,5.04
08-06-2025 07:00,7.44,30.05,18.39,21.83,6.39,8.38,0.77,0.01,0.13,32.8,3.45,0.35,0.86,6.98,0.38,31.58,210.09,90.16,35.95,5.04
08-06-2025 07:05,7.44,30.05,18.39,21.82,6.4,8.38,0.77,0.01,0.13,32.8,3.44,0.35,0.86,6.98,0.38,31.59,210.09,90.16,35.95,5.04
08-06-2025 07:10,7.44,30.05,18.39,21.83,6.42,8.38,0.77,0.01,0.13,32.8,3.45,0.35,0.86,6.98,0.38,31.59,210.09,90.19,35.95,5.04
08-06-2025 07:15,7.44,30.05,18.39,21.83,6.43,8.38,0.77,0.01,0.14,32.8,3.46,0.35,0.87,6.98,0.38,31.59,210.09,90.19,35.92,5.04
08-06-2025 07:20,7.44,30.05,18.39,21.83,6.45,8.38,0.77,0.01,0.14,32.81,3.45,0.35,0.87,6.98,0.38,31.6,210.09,90.19,35.92,5.04
08-06-2025 07:25,7.44,30.05,18.39,21.85,6.47,8.38,0.77,0.01,0.14,32.81,3.45,0.36,0.87,6.98,0.38,31.6,210.09,90.19,35.89,5.04
08-06-2025 07:30,7.43,30.05,18.39,21.84,6.48,8.38,0.77,0.01,0.14,32.81,3.45,0.36,0.87,6.98,0.38,31.6,210.09,90.19,35.86,5.04
08-06-2025 07:35,7.43,30.05,18.39,21.83,6.5,8.38,0.77,0.01,0.14,32.81,3.44,0.36,0.88,6.98,0.38,31.6,210.09,90.23,35.86,5.04
08-06-2025 07:40,7.43,30.05,18.39,21.84,6.51,8.38,0.77,0.01,0.14,32.81,3.44,0.36,0.88,6.98,0.38,31.61,210.09,90.23,35.86,5.04
08-06-2025 07:45,7.43,30.05,18.39,21.81,6.52,8.38,0.77,0.01,0.14,32.81,3.44,0.36,0.88,6.98,0.38,31.61,210.09,90.23,35.86,5.04
08-06-2025 07:50,7.43,30.05,18.39,21.81,6.54,8.38,0.77,0.01,0.14,32.81,3.44,0.36,0.88,6.98,0.38,31.61,210.09,90.23,35.86,5.04
08-06-2025 07:55,7.43,30.05,18.39,21.83,6.56,8.38,0.77,0.01,0.14,32.81,3.45,0.36,0.88,6.98,0.38,31.62,210.09,90.23,35.89,5.04
08-06-2025 08:00,7.43,30.05,18.39,21.8,6.57,8.38,0.77,0.01,0.14,32.81,3.44,0.36,0.88,6.98,0.38,31.62,210.09,90.23,35.92,5.04
08-06-2025 08:05,7.43,30.05,18.39,21.82,6.59,8.38,0.77,0.01,0.14,32.81,3.44,0.36,0.88,6.98,0.38,31.62,210.09,90.26,35.92,5.04
08-06-2025 08:10,7.43,30.05,18.39,21.82,6.6,8.38,0.77,0.01,0.14,32.81,3.44,0.36,0.88,6.98,0.38,31.62,210.08,90.26,35.92,5.04
08-06-2025 08:15,7.43,30.05,18.39,21.82,6.62,8.38,0.77,0.01,0.14,32.81,3.44,0.37,0.89,6.98,0.39,31.62,210.08,90.26,35.89,5.04
08-06-2025 08:20,7.43,30.05,18.39,21.83,6.63,8.38,0.77,0.01,0.14,32.81,3.44,0.37,0.89,6.98,0.39,31.62,210.07,90.26,35.89,5.04
08-06-2025 08:25,7.43,30.05,18.39,21.84,6.65,8.38,0.77,0.01,0.14,32.81,3.44,0.37,0.89,6.98,0.39,31.62,210.06,90.26,35.86,5.04
08-06-2025 08:30,7.43,30.05,18.39,21.81,6.66,8.38,0.77,0.01,0.14,32.81,3.44,0.37,0.9,6.98,0.39,31.62,210.06,90.26,35.86,5.04
08-06-2025 08:35,7.43,30.05,18.39,21.82,6.68,8.38,0.77,0.01,0.14,32.81,3.44,0.37,0.9,6.98,0.39,31.62,210.05,90.26,35.84,5.04
08-06-2025 08:40,7.43,30.05,18.39,21.81,6.7,8.38,0.77,0.01,0.14,32.81,3.44,0.37,0.9,6.98,0.39,31.62,210.04,90.26,35.84,5.04
08-06-2025 08:45,7.43,30.05,18.39,21.81,6.71,8.38,0.77,0.01,0.14,32.81,3.44,0.38,0.9,6.98,0.39,31.62,210.04,90.32,35.84,5.04
08-06-2025 08:50,7.43,30.05,18.39,21.83,6.72,8.38,0.77,0.01,0.14,32.81,3.44,0.38,0.9,6.98,0.39,31.62,210.04,90.36,35.84,5.04
08-06-2025 08:55,7.43,30.05,18.39,21.82,6.74,8.38,0.77,0.01,0.14,32.81,3.44,0.38,0.9,6.98,0.39,31.62,210.03,90.39,35.84,5.04
08-06-2025 09:00,7.43,30.05,18.39,21.83,6.76,8.38,0.77,0.01,0.14,32.81,3.44,0.37,0.9,6.98,0.39,31.62,210.02,90.39,35.86,5.04
08-06-2025 09:05,7.43,30.05,18.39,21.82,6.77,8.38,0.77,0.01,0.14,32.82,3.44,0.37,0.9,6.98,0.39,31.62,210.02,90.39,35.86,5.04
08-06-2025 09:10,7.43,30.03,18.39,21.83,6.8,8.38,0.77,0.01,0.14,32.82,3.43,0.38,0.9,6.98,0.39,31.62,210.01,90.32,35.89,5.04
08-06-2025 09:15,7.43,30.03,18.39,21.84,6.82,8.38,0.77,0.01,0.14,32.82,3.43,0.38,0.9,6.98,0.39,31.62,210.01,90.32,35.89,5.04
08-06-2025 09:20,7.43,30.05,18.39,21.84,6.84,8.38,0.77,0.01,0.14,32.82,3.43,0.38,0.91,6.98,0.39,31.63,210.0,90.32,35.86,5.04
08-06-2025 09:25,7.43,30.05,18.39,21.83,6.87,8.38,0.77,0.01,0.14,32.82,3.43,0.38,0.91,6.98,0.4,31.63,210.0,90.32,35.84,5.04
08-06-2025 09:30,7.43,30.05,18.39,21.84,6.89,8.38,0.77,0.01,0.14,32.82,3.44,0.38,0.91,6.98,0.4,31.63,209.99,90.39,35.84,5.04
08-06-2025 09:35,7.43,30.05,18.39,21.84,6.91,8.38,0.77,0.01,0.14,32.82,3.44,0.38,0.91,6.98,0.4,31.63,209.98,90.42,35.84,5.04
08-06-2025 09:40,7.43,30.05,18.39,21.83,6.93,8.38,0.77,0.01,0.14,32.82,3.44,0.38,0.91,6.98,0.4,31.63,209.97,90.49,35.81,5.04
08-06-2025 09:45,7.43,30.05,18.39,21.84,6.96,8.38,0.77,0.01,0.14,32.82,3.44,0.38,0.92,6.98,0.4,31.63,209.97,90.52,35.81,5.04
08-06-2025 09:50,7.43,30.05,18.39,21.84,6.98,8.38,0.77,0.01,0.14,32.83,3.44,0.38,0.92,6.98,0.4,31.64,209.97,90.52,35.81,5.04
08-06-2025 09:55,7.43,30.03,18.39,21.85,7.01,8.38,0.77,0.01,0.14,32.83,3.43,0.38,0.92,6.98,0.4,31.64,209.96,90.49,35.81,5.04
08-06-2025 10:00,7.43,30.03,18.39,21.84,7.03,8.38,0.77,0.01,0.14,32.83,3.44,0.38,0.91,6.98,0.4,31.64,209.95,90.46,35.81,5.04
08-06-2025 10:05,7.43,30.03,18.39,21.83,7.05,8.38,0.77,0.01,0.14,32.83,3.44,0.38,0.92,6.98,0.4,31.64,209.95,90.42,35.84,5.04
08-06-2025 10:10,7.42,30.03,18.39,21.84,7.07,8.38,0.77,0.01,0.14,32.83,3.43,0.38,0.92,6.98,0.4,31.64,209.95,90.42,35.84,5.04
08-06-2025 10:15,7.42,30.03,18.39,21.84,7.1,8.38,0.77,0.01,0.14,32.83,3.44,0.38,0.92,6.98,0.4,31.64,209.95,90.46,35.84,5.04
08-06-2025 10:20,7.4,30.03,18.39,21.83,7.12,8.38,0.77,0.01,0.14,32.83,3.43,0.39,0.92,6.98,0.4,31.65,209.95,90.52,35.84,5.04
08-06-2025 10:25,7.4,30.03,18.39,21.85,7.14,8.38,0.77,0.01,0.14,32.83,3.44,0.39,0.92,6.98,0.4,31.65,209.95,90.59,35.84,5.04
08-06-2025 10:30,7.39,30.03,18.39,21.84,7.16,8.38,0.77,0.01,0.14,32.84,3.44,0.39,0.93,6.98,0.4,31.65,209.95,90.62,35.81,5.04
08-06-2025 10:35,7.38,30.03,18.39,21.84,7.18,8.38,0.77,0.01,0.14,32.84,3.43,0.39,0.93,6.98,0.41,31.65,209.95,90.62,35.81,5.04
08-06-2025 10:40,7.39,30.03,18.39,21.85,7.21,8.38,0.77,0.01,0.14,32.84,3.43,0.39,0.93,6.98,0.41,31.65,209.95,90.56,35.78,5.04
08-06-2025 10:45,7.38,30.03,18.39,21.84,7.23,8.38,0.77,0.01,0.14,32.84,3.44,0.39,0.93,6.98,0.41,31.65,209.95,90.52,35.78,5.04
08-06-2025 10:50,7.38,30.03,18.39,21.85,7.25,8.38,0.77,0.01,0.14,32.84,3.44,0.39,0.93,6.98,0.41,31.66,209.95,90.49,35.73,5.04
08-06-2025 10:55,7.38,30.03,18.39,21.84,7.27,8.38,0.77,0.01,0.14,32.84,3.44,0.39,0.93,6.98,0.41,31.66,209.95,90.46,35.73,5.04
08-06-2025 11:00,7.39,30.03,18.39,21.83,7.3,8.38,0.77,0.01,0.14,32.84,3.43,0.39,0.93,6.98,0.41,31.66,209.95,90.46,35.67,5.04
08-06-2025 11:05,7.39,30.03,18.39,21.84,7.33,8.38,0.77,0.01,0.14,32.84,3.43,0.39,0.93,6.98,0.41,31.66,209.95,90.49,35.7,5.04
08-06-2025 11:10,7.4,30.03,18.39,21.83,7.35,8.38,0.77,0.01,0.14,32.84,3.43,0.39,0.93,6.98,0.41,31.66,209.95,90.52,35.67,5.04
08-06-2025 11:15,7.4,30.03,18.39,21.84,7.37,8.38,0.77,0.01,0.14,32.84,3.43,0.39,0.93,6.98,0.41,31.67,209.95,90.56,35.67,5.04
08-06-2025 11:20,7.42,30.03,18.39,21.85,7.39,8.38,0.77,0.01,0.14,32.84,3.43,0.39,0.93,6.98,0.41,31.67,209.95,90.59,35.64,5.04
08-06-2025 11:25,7.42,30.03,18.39,21.85,7.42,8.38,0.77,0.01,0.14,32.84,3.43,0.4,0.94,6.98,0.41,31.67,209.95,90.62,35.67,5.04
08-06-2025 11:30,7.43,30.03,18.39,21.84,7.44,8.38,0.77,0.01,0.14,32.84,3.44,0.4,0.94,6.98,0.41,31.68,209.95,90.62,35.67,5.04
08-06-2025 11:35,7.43,30.03,18.39,21.85,7.46,8.38,0.77,0.01,0.14,32.84,3.43,0.4,0.94,6.98,0.41,31.68,209.95,90.56,35.67,5.04
08-06-2025 11:40,7.43,30.03,18.39,21.85,7.48,8.38,0.77,0.01,0.14,32.84,3.43,0.4,0.94,6.98,0.42,31.68,209.95,90.52,35.62,5.04
08-06-2025 11:45,7.43,30.03,18.39,21.86,7.51,8.38,0.77,0.01,0.14,32.84,3.43,0.4,0.94,6.98,0.42,31.69,209.95,90.49,35.62,5.04
08-06-2025 11:50,7.43,30.03,18.39,21.85,7.53,8.38,0.77,0.01,0.14,32.84,3.43,0.4,0.94,6.98,0.42,31.69,209.95,90.49,35.62,5.04
08-06-2025 11:55,7.43,30.03,18.39,21.86,7.55,8.38,0.77,0.01,0.14,32.84,3.43,0.4,0.94,6.98,0.42,31.69,209.95,90.52,35.62,5.04
08-06-2025 12:00,7.42,30.03,18.39,21.87,7.57,8.38,0.77,0.01,0.14,32.84,3.43,0.4,0.94,6.98,0.42,31.7,209.95,90.56,35.59,5.04
08-06-2025 12:05,7.42,30.03,18.39,21.86,7.6,8.37,0.77,0.01,0.14,32.84,3.43,0.4,0.94,6.98,0.42,31.7,209.97,90.59,35.56,5.04
08-06-2025 12:10,7.4,30.03,18.39,21.88,7.62,8.37,0.76,0.01,0.14,32.84,3.42,0.4,0.94,6.98,0.42,31.7,209.97,90.59,35.53,5.04
08-06-2025 12:15,7.39,30.03,18.39,21.87,7.64,8.37,0.76,0.01,0.14,32.84,3.42,0.4,0.94,6.98,0.42,31.7,209.99,90.59,35.56,5.04
08-06-2025 12:20,7.39,30.03,18.39,21.87,7.66,8.37,0.76,0.01,0.14,32.85,3.42,0.4,0.95,6.98,0.42,31.7,210.0,90.59,35.56,5.04
08-06-2025 12:25,7.38,30.03,18.39,21.85,7.69,8.37,0.76,0.01,0.14,32.85,3.42,0.4,0.95,6.98,0.42,31.7,210.01,90.59,35.59,5.04
08-06-2025 12:30,7.38,30.03,18.39,21.86,7.71,8.37,0.76,0.01,0.14,32.85,3.43,0.4,0.95,6.98,0.42,31.71,210.02,90.56,35.59,5.04
08-06-2025 12:35,7.38,30.03,18.39,21.86,7.73,8.37,0.76,0.01,0.14,32.85,3.42,0.4,0.95,6.98,0.42,31.71,210.04,90.52,35.62,5.04
08-06-2025 12:40,7.38,30.03,18.39,21.86,7.76,8.37,0.76,0.01,0.14,32.85,3.42,0.4,0.96,6.98,0.42,31.71,210.04,90.52,35.62,5.04
08-06-2025 12:45,7.38,30.03,18.39,21.85,7.78,8.37,0.76,0.01,0.14,32.85,3.43,0.41,0.96,6.98,0.42,31.71,210.06,90.52,35.62,5.04
08-06-2025 12:50,7.38,30.03,18.39,21.85,7.8,8.37,0.76,0.01,0.14,32.85,3.42,0.41,0.96,6.98,0.42,31.71,210.07,90.56,35.62,5.04
08-06-2025 12:55,7.38,30.02,18.39,21.85,7.82,8.37,0.76,0.01,0.15,32.85,3.42,0.41,0.96,6.98,0.42,31.71,210.08,90.59,35.59,5.04
08-06-2025 13:00,7.38,30.03,18.39,21.85,7.85,8.37,0.76,0.01,0.15,32.86,3.42,0.4,0.95,6.98,0.42,31.72,210.09,90.59,35.59,5.04
08-06-2025 13:05,7.38,30.03,18.39,21.85,7.87,8.37,0.76,0.01,0.15,32.87,3.42,0.4,0.96,6.98,0.43,31.72,210.09,90.62,35.56,5.04
08-06-2025 13:10,7.38,30.03,18.39,21.85,7.89,8.37,0.76,0.01,0.15,32.88,3.43,0.41,0.96,6.98,0.43,31.72,210.09,90.62,35.56,5.04
08-06-2025 13:15,7.38,30.03,18.39,21.86,7.91,8.37,0.76,0.01,0.15,32.89,3.41,0.41,0.96,6.98,0.43,31.73,210.09,90.59,35.56,5.04
08-06-2025 13:20,7.38,30.03,18.39,21.86,7.94,8.37,0.76,0.01,0.15,32.9,3.39,0.41,0.96,6.98,0.43,31.73,210.09,90.56,35.56,5.04
08-06-2025 13:25,7.38,30.03,18.39,21.87,7.96,8.37,0.76,0.01,0.15,32.91,3.38,0.41,0.96,6.98,0.43,31.73,210.09,90.56,35.56,5.04
08-06-2025 13:30,7.38,30.02,18.39,21.86,7.98,8.37,0.76,0.01,0.15,32.92,3.37,0.41,0.96,6.98,0.43,31.73,210.09,90.56,35.56,5.04
08-06-2025 13:35,7.38,30.02,18.39,21.88,8.0,8.37,0.76,0.01,0.15,32.94,3.36,0.41,0.96,6.98,0.43,31.74,210.09,90.56,35.56,5.04
08-06-2025 13:40,7.38,30.02,18.39,21.88,8.02,8.37,0.76,0.01,0.15,32.95,3.35,0.41,0.97,6.98,0.43,31.74,210.09,90.56,35.56,5.04
08-06-2025 13:45,7.38,30.02,18.39,21.9,8.04,8.37,0.77,0.01,0.15,32.96,3.33,0.41,0.97,6.98,0.43,31.74,210.09,90.59,35.56,5.04
08-06-2025 13:50,7.38,30.02,18.39,21.89,8.07,8.37,0.77,0.01,0.15,32.97,3.32,0.41,0.97,6.98,0.43,31.75,210.09,90.59,35.56,5.04
08-06-2025 13:55,7.38,30.02,18.39,21.89,8.09,8.37,0.77,0.01,0.15,32.98,3.31,0.41,0.97,6.98,0.43,31.75,210.09,90.62,35.56,5.04
08-06-2025 14:00,7.38,30.02,18.39,21.89,8.11,8.37,0.77,0.01,0.15,32.99,3.29,0.41,0.96,6.98,0.43,31.75,210.09,90.62,35.56,5.04
08-06-2025 14:05,7.38,30.02,18.39,21.87,8.14,8.37,0.77,0.01,0.15,33.01,3.28,0.41,0.97,6.98,0.43,31.76,210.11,90.62,35.53,5.04
08-06-2025 14:10,7.38,30.02,18.39,21.88,8.16,8.37,0.77,0.01,0.15,33.02,3.27,0.41,0.97,6.98,0.43,31.76,210.11,90.59,35.53,5.04
08-06-2025 14:15,7.38,30.02,18.39,21.86,8.18,8.37,0.77,0.01,0.15,33.03,3.26,0.41,0.97,6.98,0.43,31.76,210.13,90.56,35.53,5.04
08-06-2025 14:20,7.38,30.02,18.39,21.86,8.21,8.37,0.77,0.01,0.15,33.04,3.24,0.41,0.97,6.98,0.43,31.77,210.14,90.56,35.53,5.04
08-06-2025 14:25,7.38,30.02,18.39,21.87,8.23,8.37,0.77,0.01,0.15,33.06,3.23,0.42,0.97,6.98,0.43,31.77,210.15,90.56,35.53,5.04
08-06-2025 14:30,7.38,30.02,18.39,21.87,8.25,8.37,0.77,0.01,0.15,33.07,3.22,0.42,0.98,6.98,0.43,31.77,210.16,90.56,35.53,5.04
08-06-2025 14:35,7.38,30.02,18.39,21.86,8.28,8.37,0.77,0.01,0.15,33.08,3.21,0.42,0.98,6.98,0.43,31.77,210.18,90.59,35.53,5.04
08-06-2025 14:40,7.38,30.02,18.39,21.87,8.3,8.37,0.77,0.01,0.15,33.09,3.19,0.42,0.98,6.98,0.44,31.78,210.18,90.59,35.53,5.04
08-06-2025 14:45,7.38,30.02,18.39,21.87,8.31,8.37,0.77,0.01,0.15,33.11,3.18,0.42,0.98,6.98,0.44,31.78,210.2,90.62,35.53,5.04
08-06-2025 14:50,7.38,30.02,18.39,21.88,8.34,8.37,0.77,0.01,0.15,33.12,3.17,0.42,0.98,6.97,0.44,31.78,210.21,90.62,35.53,5.04
08-06-2025 14:55,7.38,30.02,18.39,21.89,8.36,8.37,0.77,0.01,0.15,33.13,3.16,0.42,0.98,6.97,0.44,31.79,210.22,90.62,35.53,5.04
08-06-2025 15:00,7.38,30.02,18.39,21.88,8.38,8.37,0.77,0.01,0.15,33.14,3.14,0.42,0.98,6.97,0.44,31.79,210.23,90.62,35.53,5.04
08-06-2025 15:05,7.38,30.02,18.39,21.88,8.41,8.37,0.77,0.01,0.15,33.15,3.13,0.42,0.98,6.97,0.44,31.79,210.25,90.59,35.53,5.04
08-06-2025 15:10,7.38,30.02,18.39,21.89,8.43,8.37,0.77,0.01,0.15,33.16,3.12,0.42,0.98,6.97,0.44,31.8,210.25,90.59,35.51,5.04
08-06-2025 15:15,7.38,30.02,18.39,21.89,8.45,8.37,0.77,0.01,0.15,33.17,3.11,0.42,0.98,6.97,0.44,31.8,210.27,90.59,35.51,5.04
08-06-2025 15:20,7.38,30.02,18.39,21.89,8.48,8.37,0.77,0.01,0.15,33.18,3.09,0.42,0.98,6.97,0.44,31.8,210.28,90.59,35.51,5.04
08-06-2025 15:25,7.38,30.02,18.39,21.89,8.5,8.37,0.77,0.01,0.15,33.18,3.08,0.42,0.97,6.97,0.44,31.81,210.29,90.59,35.51,5.04
08-06-2025 15:30,7.38,,18.39,21.89,8.52,8.37,0.77,0.01,0.15,33.19,3.07,0.42,0.97,6.97,0.44,31.81,210.3,90.62,35.51,5.04
08-06-2025 15:35,7.38,30.02,18.39,21.88,8.54,8.37,0.77,0.01,0.15,33.2,3.07,0.42,0.97,6.97,0.44,31.81,210.32,90.62,35.51,5.04
08-06-2025 15:40,7.38,30.02,18.39,21.88,8.56,8.37,0.77,0.01,0.15,33.21,3.04,0.41,0.97,6.97,0.44,31.82,210.32,90.62,35.51,5.04
08-06-2025 15:45,7.38,30.02,18.39,21.88,8.58,8.37,0.77,0.01,0.15,33.22,3.04,0.41,0.97,6.97,0.44,31.82,210.34,90.62,35.51,5.04
08-06-2025 15:50,7.38,30.02,18.39,21.88,8.61,8.37,0.77,0.01,0.15,33.22,3.05,0.41,0.97,6.97,0.44,31.82,210.35,90.62,35.51,5.04
08-06-2025 15:55,7.38,30.02,18.39,21.89,8.63,8.37,0.77,0.01,0.15,33.23,3.05,0.41,0.96,6.97,0.45,31.83,210.36,90.62,35.51,5.04
08-06-2025 16:00,7.38,30.02,18.39,21.89,8.65,8.37,0.77,0.01,0.15,33.24,3.03,0.41,0.97,6.97,0.45,31.83,210.37,90.59,35.51,5.04
08-06-2025 16:05,7.38,30.02,18.39,21.89,8.68,8.37,0.77,0.01,0.15,33.24,3.03,0.41,0.97,6.97,0.45,31.83,210.38,90.59,35.51,5.04
08-06-2025 16:10,7.38,30.02,18.39,21.89,8.7,8.37,0.77,0.01,0.15,33.24,3.03,0.41,0.96,6.97,0.45,31.84,210.38,90.59,35.48,5.04
08-06-2025 16:15,7.38,30.02,18.39,21.89,8.72,8.37,0.77,0.01,0.15,33.24,3.04,0.41,0.96,6.97,0.45,31.84,210.38,90.59,35.48,5.04
08-06-2025 16:20,7.38,30.02,18.39,21.9,8.74,8.37,0.77,0.01,0.15,33.25,3.03,0.41,0.95,6.97,0.45,31.84,210.39,90.59,35.48,5.04
08-06-2025 16:25,7.38,30.02,18.39,21.9,8.76,8.37,0.77,0.01,0.15,33.25,3.03,0.4,0.95,6.97,0.45,31.85,210.4,90.62,35.48,5.04
08-06-2025 16:30,7.38,30.02,18.39,21.9,8.79,8.37,0.77,0.01,0.15,33.25,3.04,0.4,0.95,6.97,0.45,31.85,210.41,90.62,35.45,5.04
08-06-2025 16:35,7.38,30.02,18.39,21.89,8.81,8.37,0.77,0.01,0.15,33.25,3.03,0.4,0.95,6.97,0.45,31.85,210.41,90.62,35.45,5.04
08-06-2025 16:40,7.38,30.02,18.39,21.89,8.83,8.37,0.77,0.01,0.15,33.25,3.04,0.4,0.94,6.97,0.45,31.85,210.42,90.62,35.45,5.04
08-06-2025 16:45,7.38,30.02,18.39,21.88,8.85,8.37,0.77,0.01,0.15,33.25,3.03,0.4,0.94,6.97,0.45,31.86,210.43,90.62,35.45,5.04
08-06-2025 16:50,7.38,30.02,18.39,21.87,8.87,8.37,0.77,0.01,0.15,33.25,3.03,0.4,0.94,6.97,0.45,31.86,210.43,90.62,35.45,5.04
08-06-2025 16:55,7.38,30.0,18.39,21.87,8.9,8.37,0.77,0.01,0.15,33.25,3.03,0.39,0.94,6.97,0.45,31.86,210.43,90.69,35.45,5.04
08-06-2025 17:00,7.38,30.02,18.39,21.88,8.92,8.37,0.77,0.01,0.15,33.25,3.03,0.4,0.94,6.97,0.45,31.87,210.44,90.72,35.45,5.04
08-06-2025 17:05,7.38,30.02,18.39,21.88,8.94,8.37,0.77,0.01,0.15,33.25,3.02,0.4,0.93,6.97,0.45,31.87,210.44,90.72,35.45,5.04
08-06-2025 17:10,7.38,30.02,18.39,21.88,8.97,8.37,0.77,0.01,0.15,33.24,3.02,0.39,0.93,6.97,0.46,31.87,210.44,90.72,35.45,5.04
08-06-2025 17:15,7.38,30.02,18.39,21.9,8.99,8.37,0.77,0.01,0.15,33.23,3.03,0.39,0.93,6.97,0.46,31.87,210.44,90.72,35.45,5.04
08-06-2025 17:20,7.38,30.02,18.39,21.91,9.01,8.37,0.77,0.01,0.15,33.22,3.03,0.39,0.92,6.97,0.46,31.87,210.44,90.72,35.45,5.04
08-06-2025 17:25,7.38,30.02,18.39,21.92,9.03,8.37,0.77,0.01,0.15,33.21,3.03,0.38,0.92,6.97,0.46,31.88,210.44,90.72,35.45,5.04
08-06-2025 17:30,7.38,30.02,18.39,21.9,9.06,8.37,0.77,0.01,0.15,33.21,3.04,0.38,0.92,6.97,0.46,31.88,210.44,90.75,35.45,5.04
08-06-2025 17:35,7.39,30.0,18.39,21.91,9.08,8.37,0.77,0.01,0.15,33.2,3.04,0.38,0.92,6.97,0.46,31.88,210.44,90.75,35.45,5.04
08-06-2025 17:40,7.4,30.0,18.39,21.91,9.1,8.37,0.77,0.01,0.15,33.19,3.05,0.38,0.91,6.97,0.46,31.88,210.44,90.72,35.42,5.04
08-06-2025 17:45,7.42,30.0,18.39,21.91,9.12,8.37,0.77,0.01,0.15,33.18,3.07,0.38,0.91,6.97,0.46,31.88,210.44,90.72,35.42,5.04
08-06-2025 17:50,7.42,30.0,18.39,21.92,9.12,8.37,0.77,0.01,0.15,33.17,3.09,0.38,0.92,6.97,0.46,31.88,210.44,90.75,35.42,5.04
08-06-2025 17:55,7.42,30.0,18.39,21.9,9.12,8.37,0.77,0.01,0.15,33.17,3.1,0.38,0.91,6.97,0.46,31.88,210.44,90.82,35.42,5.04
08-06-2025 18:00,7.43,30.0,18.39,21.91,9.12,8.36,0.77,0.01,0.15,33.16,3.12,0.38,0.91,6.97,0.46,31.89,210.44,90.82,35.42,5.04
08-06-2025 18:05,7.43,30.0,18.39,21.91,9.11,8.36,0.77,0.01,0.15,33.14,3.14,0.38,0.91,6.97,0.46,31.89,210.43,90.79,35.42,5.04
08-06-2025 18:10,7.43,30.0,18.39,21.89,9.1,8.36,0.77,0.01,0.15,33.13,3.14,0.38,0.91,6.97,0.46,31.89,210.42,90.72,35.42,5.04
08-06-2025 18:15,7.43,30.0,18.39,21.9,9.07,8.36,0.77,0.01,0.15,33.12,3.15,0.38,0.9,6.97,0.45,31.9,210.41,90.69,35.42,5.04
08-06-2025 18:20,7.43,30.0,18.39,21.9,9.05,8.36,0.77,0.01,0.15,33.11,3.17,0.38,0.9,6.97,0.45,31.9,210.39,90.79,35.42,5.04
08-06-2025 18:25,7.43,30.0,18.39,21.9,9.02,8.36,0.77,0.01,0.15,33.09,3.19,0.38,0.9,6.97,0.45,31.9,210.38,90.82,35.42,5.04
08-06-2025 18:30,7.43,30.0,18.39,21.89,8.99,8.36,0.77,0.01,0.14,33.08,3.21,0.37,0.9,6.97,0.45,31.91,210.37,90.89,35.42,5.04
08-06-2025 18:35,7.43,30.0,18.39,21.86,8.97,8.36,0.77,0.01,0.14,33.07,3.21,0.37,0.9,6.97,0.45,31.91,210.36,90.85,35.42,5.04
08-06-2025 18:40,7.43,30.0,18.39,21.88,8.95,8.36,0.77,0.01,0.14,33.06,3.23,0.37,0.89,6.97,0.44,31.91,210.35,90.72,35.51,5.04
08-06-2025 18:45,7.43,30.0,18.39,21.86,8.92,8.36,0.77,0.01,0.14,33.04,3.24,0.37,0.89,6.97,0.44,31.92,210.34,90.72,35.62,5.04
08-06-2025 18:50,7.43,30.0,18.39,21.86,8.89,8.36,0.77,0.01,0.14,33.03,3.24,0.37,0.89,6.97,0.44,31.92,210.32,90.79,35.7,5.04
08-06-2025 18:55,7.43,30.0,18.38,21.89,8.87,8.36,0.77,0.01,0.14,33.02,3.26,0.37,0.89,6.97,0.44,31.92,210.32,90.79,35.73,5.04
08-06-2025 19:00,7.43,30.0,18.39,21.87,8.84,8.35,0.77,0.01,0.14,33.01,3.25,0.37,0.89,6.97,0.44,31.92,210.3,90.79,35.75,
08-06-2025 19:05,7.43,30.0,18.39,21.88,8.82,8.35,0.77,0.01,0.14,33.0,3.26,0.37,0.89,6.97,0.43,31.93,210.28,90.72,35.73,
08-06-2025 19:10,7.43,30.0,18.38,21.9,8.79,8.35,0.77,0.01,0.14,33.0,3.27,0.37,0.89,6.97,0.43,31.93,210.25,90.66,35.64,
08-06-2025 19:15,7.43,30.0,18.36,21.88,8.77,8.35,0.77,0.01,0.14,33.0,3.29,0.37,0.89,6.97,0.43,31.94,210.23,90.69,35.67,
08-06-2025 19:20,7.43,30.0,18.37,21.9,8.74,8.35,0.77,0.01,0.14,32.99,3.29,0.37,0.89,6.97,0.42,31.94,210.21,90.79,35.73,
08-06-2025 19:25,7.43,30.0,18.38,21.89,8.71,8.35,0.77,0.01,0.14,32.99,3.29,0.36,0.88,6.97,0.42,31.95,210.18,90.79,35.75,
08-06-2025 19:30,7.43,30.0,18.38,21.87,8.69,8.35,0.77,0.01,0.14,32.98,3.31,0.36,0.88,6.97,0.41,31.95,210.16,90.82,35.78,
08-06-2025 19:35,7.43,30.0,18.37,21.89,8.66,8.35,0.77,0.01,0.14,32.98,3.31,0.36,0.88,6.97,0.41,31.96,210.14,90.79,35.75,
08-06-2025 19:40,7.43,30.0,18.32,21.87,8.64,8.35,0.77,0.01,0.14,32.98,3.31,0.36,0.88,6.97,0.4,31.96,210.11,90.75,35.78,
08-06-2025 19:45,7.43,30.0,18.32,21.87,8.61,8.35,0.77,0.01,0.14,32.97,3.32,0.36,0.88,6.97,0.39,31.97,210.09,90.79,35.86,
08-06-2025 19:50,7.43,30.0,18.3,21.87,8.59,8.35,0.77,0.01,0.14,32.97,3.33,0.36,0.88,6.97,0.39,31.97,210.07,90.82,35.97,
08-06-2025 19:55,7.43,30.0,18.29,21.87,8.56,8.35,0.77,0.01,0.14,32.97,3.34,0.36,0.88,6.97,0.38,31.98,210.04,90.82,36.0,
08-06-2025 20:00,7.43,,18.35,,,,,,,,,,,6.97,,,,,,
08-06-2025 20:05,7.43,,18.3,,,,,,,,,,,6.97,,,,,,
08-06-2025 20:10,7.43,,18.32,,,,,,,,,,,6.97,,,,,,
08-06-2025 20:15,7.43,,18.29,,,,,,,,,,,6.97,,,,,,
08-06-2025 20:20,7.43,,18.28,,,,,,,,,,,6.97,,,,,,
08-06-2025 20:25,7.43,,18.32,,,,,,,,,,,6.97,,,,,,
08-06-2025 20:30,7.43,,18.34,,,,,,,,,,,6.97,,,,,,
08-06-2025 20:35,7.43,,18.34,,,,,,,,,,,6.97,,,,,,
08-06-2025 20:40,7.43,,18.33,,,,,,,,,,,6.97,,,,,,
